"","F3D0","F3D1","F3D141","F3D142","F3D143","F3D144","F3D145","F3D146","F3D147","F3D148","F3D149","F3D150","F3D2","F3D3","F3D5","F3D6","F3D7","F3D8","F3D9","Kingdom","Phylum","Class","Order","Family","Genus"
"GCGAGCGTTATCCGGATTTATTGGGTTTAAAGGGTGCGCAGGCGGAAGATCAAGTCAGCGGTAAAATTGAGAGGCTCAACCTCTTCGAGCCGTTGAAACTGGTTTTCTTGAGTGAGCGAGAAGTATGCGGAATGCGTGGTGTAGCGGTGAAATGCATAGATATCACGCAGAACTCCGATTGCGAAGGCAGCATACCGGCGCTCAACTGACGCTCATGCACGAAAGTGTGGGT","582","417","442","290","231","424","647","326","1497","856","887","318","3509","998","322","1017","648","277","510","Bacteria","Bacteroidetes","Bacteroidia","Bacteroidales","Porphyromonadaceae",NA
"GCGAGCGTTATCCGGATTTATTGGGTTTAAAGGGTGCGCAGGCGGACTCTCAAGTCAGCGGTCAAATCGCGGGGCTCAACCCCGTTCCGCCGTTGAAACTGGGAGCCTTGAGTGCGCGAGAAGTAGGCGGAATGCGTGGTGTAGCGGTGAAATGCATAGATATCACGCAGAACTCCGATTGCGAAGGCAGCCTACCGGCGCGCAACTGACGCTCATGCACGAAAGCGTGGGT","341","354","360","305","176","277","494","231","1215","732","781","232","1593","606","265","675","502","356","426","Bacteria","Bacteroidetes","Bacteroidia","Bacteroidales","Porphyromonadaceae","Macellibacteroides"
"GCGAGCGTTATCCGGATTTATTGGGTTTAAAGGGTGCGTAGGCGGGCTGTTAAGTCAGCGGTCAAATGTCGGGGCTCAACCCCGGCCTGCCGTTGAAACTGGCGGCCTCGAGTGGGCGAGAAGTATGCGGAATGCGTGGTGTAGCGGTGAAATGCATAGATATCACGCAGAACTCCGATTGCGAAGGCAGCATACCGGCGCCCGACTGACGCTGAGGCACGAAAGCGTGGGT","450","232","346","159","204","304","522","254","913","580","725","400","1179","469","281","590","439","351","485","Bacteria","Bacteroidetes","Bacteroidia","Bacteroidales","Porphyromonadaceae",NA
"GCGAGCGTTATCCGGATTTATTGGGTTTAAAGGGTGCGTAGGCGGGCTTTTAAGTCAGCGGTAAAAATTCGGGGCTCAACCCCGTCCGGCCGTTGAAACTGGGGGCCTTGAGTGGGCGAGAAGAAGGCGGAATGCGTGGTGTAGCGGTGAAATGCATAGATATCACGCAGAACCCCGATTGCGAAGGCAGCCTTCCGGCGCCCTACTGACGCTGAGGCACGAAAGTGCGGGG","442","70","505","164","235","356","589","390","1091","855","895","473","472","203","158","404","314","147","207","Bacteria","Bacteroidetes","Bacteroidia","Bacteroidales","Porphyromonadaceae","Barnesiella"
"CCGAGCGTTATCCGGATTTATTGGGTTTAAAGGGAGCGTAGGTGGATTGTTAAGTCAGTTGTGAAAGTTTGCGGCTCAACCGTAAAATTGCAGTTGAAACTGGCAGTCTTGAGTACAGTAGAGGTGGGCGGAATTCGTGGTGTAGCGGTGAAATGCTTAGATATCACGAAGAACTCCGATTGCGAAGGCAGCTCACTGGACTGCAACTGACACTGATGCTCGAAAGTGTGGGT","155","140","189","180","130","105","307","180","455","443","417","171","341","405","151","480","471","563","598","Bacteria","Bacteroidetes","Bacteroidia","Bacteroidales","Bacteroidaceae","Bacteroides"
"GCGAGCGTTATCCGGATTTATTGGGTTTAAAGGGTGCGTAGGCGGCCTGCCAAGTCAGCGGTAAAATTGCGGGGCTCAACCCCGTACAGCCGTTGAAACTGCCGGGCTCGAGTGGGCGAGAAGTATGCGGAATGCGTGGTGTAGCGGTGAAATGCATAGATATCACGCAGAACCCCGATTGCGAAGGCAGCATACCGGCGCCCTACTGACGCTGAGGCACGAAAGTGCGGGG","495","40","334","183","246","357","478","305","1186","875","640","220","115","25","23","17","11","0","0","Bacteria","Bacteroidetes","Bacteroidia","Bacteroidales","Porphyromonadaceae",NA
"GCGAGCGTTATCCGGATTTATTGGGTTTAAAGGGTGCGTAGGCGGGATGCCAAGTCAGCGGTAAAAAAGCGGTGCTCAACGCCGTCGAGCCGTTGAAACTGGCGTTCTTGAGTGGGCGAGAAGTATGCGGAATGCGTGGTGTAGCGGTGAAATGCATAGATATCACGCAGAACTCCGATTGCGAAGGCAGCATACCGGCGCCCTACTGACGCTGAGGCACGAAAGCGTGGGT","282","97","241","160","146","242","397","215","860","581","563","233","326","167","125","282","195","130","210","Bacteria","Bacteroidetes","Bacteroidia","Bacteroidales","Porphyromonadaceae",NA
"TCAAGCGTTATCCGGATTTATTGGGTTTAAAGGGTGCGTAGGCGGTTCGATAAGTTAGAGGTGAAATCCCGGGGCTCAACTCCGGCACTGCCTCTGATACTGTCGGGCTAGAGTTTAGTTGCGGTAGGCGGAATGTATGGTGTAGCGGTGAAATGCATAGAGATCATACAGAACACCGATTGCGAAGGCAGCTTACCAAACTACGACTGACGTTGAGGCACGAAAGCGTGGGG","185","191","324","89","84","41","126","63","75","517","538","123","1219","383","209","261","213","287","431","Bacteria","Bacteroidetes","Bacteroidia","Bacteroidales","Rikenellaceae","Alistipes"
"GCGAGCGTTATCCGGATTTATTGGGTTTAAAGGGTGCGTAGGCGGATCGTTAAGTCAGTGGTCAAATTGAGGGGCTCAACCCCTTCCCGCCATTGAAACTGGCGATCTTGAGTGGAAGAGAAGTATGCGGAATGCGTGGTGTAGCGGTGAAATGCATAGATATCACGCAGAACCCCGATTGCGAAGGCAGCATGCCGGCTTCCTACTGACGCTGAAGCACGAAAGCGTGGGG","46","69","167","89","108","160","204","114","594","409","425","242","435","306","178","206","176","113","147","Bacteria","Bacteroidetes","Bacteroidia","Bacteroidales","Porphyromonadaceae","Coprobacter"
"GCGAGCGTTATCCGGATTTATTGGGTTTAAAGGGTGCGTAGGCGGGATGTCAAGTCAGCGGTAAAATTGTGGAGCTCAACTCCATCGAGCCGTTGAAACTGACGTTCTTGAGTGGGCGAGAAGTATGCGGAATGCGTGGTGTAGCGGTGAAATGCATAGATATCACGCAGAACTCCGATTGCGAAGGCAGCATACCGGCGCCCTACTGACGCTGAAGCACGAAAGCGTGGGT","160","106","130","75","65","156","228","88","267","201","289","149","611","298","209","244","277","196","227","Bacteria","Bacteroidetes","Bacteroidia","Bacteroidales","Porphyromonadaceae",NA
"GCAAGCGTTGTCCGGATTTATTGGGCGTAAAGCGAGTGCAGGCGGTTCAATAAGTCTGATGTGAAAGCCTTCGGCTCAACCGGAGAATTGCATCAGAAACTGTTGAACTTGAGTGCAGAAGAGGAGAGTGGAACTCCATGTGTAGCGGTGGAATGCGTAGATATATGGAAGAACACCAGTGGCGAAGGCGGCTCTCTGGTCTGCAACTGACGCTGAGGCTCGAAAGCATGGGT","17","102","168","42","78","271","322","179","483","415","481","61","55","176","64","45","16","19","27","Bacteria","Firmicutes","Bacilli","Lactobacillales","Lactobacillaceae","Lactobacillus"
"GCGAGCGTTATCCGGATTTATTGGGTTTAAAGGGTGCGTAGGCGGCCTGCCAAGTCAGCGGTAAAATTGCGGGGCTCAACCCCGTACAGCCGTTGAAACTGCCGGGCTCGAGTGGGCGAGAAGTATGCGGAATGCGTGGTGTAGCGGTGAAATGCATAGATATCACGCAGAACCCCGATTGCGAAGGCAGCATACCGGCGCCCGACTGACGCTGAGGCACGAAAGTGCGGGG","226","40","147","102","115","147","257","152","559","434","303","102","41","0","0","0","0","0","0","Bacteria","Bacteroidetes","Bacteroidia","Bacteroidales","Porphyromonadaceae",NA
"GCAAGCGTTATCCGGATTTATTGGGCGTAAAGGGAACGCAGGCGGTCTTTTAAGTCTGATGTGAAAGCCTTCGGCTTAACCGGAGTAGTGCATTGGAAACTGGGAGACTTGAGTGCAGAAGAGGAGAGTGGAACTCCATGTGTAGCGGTGAAATGCGTAGATATATGGAAGAACACCAGTGGCGAAAGCGGCTCTCTGGTCTGTAACTGACGCTGAGGTTCGAAAGCGTGGGT","52","129","12","112","44","16","26","4","157","18","90","64","337","94","49","425","117","145","182","Bacteria","Firmicutes","Bacilli","Lactobacillales","Lactobacillaceae","Lactobacillus"
"GCGAGCGTTATCCGGATTTATTGGGTTTAAAGGGTGCGTAGGCGGGATGCCAAGTCAGCGGTAAAAATGCGGTGCTCAACGCCGTCGAGCCGTTGAAACTGGCGTTCTTGAGTGGGCGAGAAGTATGCGGAATGCGTGGTGTAGCGGTGAAATGCATAGATATCACGCAGAACTCCGATTGCGAAGGCAGCATACCGGCGCCCTACTGACGCTGAGGCACGAAAGCGTGGGT","105","29","65","63","60","82","125","59","292","199","165","73","107","61","38","107","73","65","72","Bacteria","Bacteroidetes","Bacteroidia","Bacteroidales","Porphyromonadaceae","Macellibacteroides"
"GCAAGCGTTATCCGGAATTATTGGGCGTAAAGAGCGCGCAGGTGGTTAATTAAGTCTGATGTGAAAGCCCACGGCTTAACCGTGGAGGGTCATTGGAAACTGGTTGACTTGAGTGCAGAAGAGGGAAGTGGAATTCCATGTGTAGCGGTGAAATGCGTAGAGATATGGAGGAACACCAGTGGCGAAGGCGGCTTCCTGGTCTGCAACTGACACTGAGGCGCGAAAGCGTGGGG","80","0","103","52","40","118","126","35","325","285","183","30","17","24","36","0","0","6","0","Bacteria","Firmicutes","Erysipelotrichia","Erysipelotrichales","Erysipelotrichaceae","Turicibacter"
"GCAAGCGTTATCCGGATTTACTGGGTGTAAAGGGAGCGTAGACGGCAGCGCAAGTCTGGAGTGAAATGCCGGGGCCCAACCCCGGAACTGCTTTGGAAACTGTGCAGCTCGAGTGCAGGAGAGGTAAGCGGAATTCCTAGTGTAGCGGTGAAATGCGTAGATATTAGGAGGAACACCAGTGGCGAAGGCGGCTTACTGGACTGTAACTGACGTTGAGGCTCGAAAGCGTGGGG","93","325","33","12","8","11","15","25","76","56","42","19","368","46","87","58","40","45","99","Bacteria","Firmicutes","Clostridia","Clostridiales","Lachnospiraceae",NA
"GCGAGCGTTATCCGGATTTATTGGGTGTAAAGGGTGCGTAGGCGGTAATACAGGTCTTTGGTATAAGCCCGAAGCTTAACTTCGGTAAGCCAGAGAAACCGTATAACTAGAGTATGGTAGAGGCAAGTGGAATTTCTAGTGTAGCGGTAAAATGCGTAGATATTAGAAGGAACACCAGTGGCGAAGGCGACTTGCTGGGCCAAAACTGACGCTGAGGCACGAAAGCGTGGGG","67","109","6","7","0","6","5","4","41","55","4","5","433","406","17","74","39","20","42","Bacteria","Firmicutes",NA,NA,NA,NA
"GCGAGCGTTATCCGGATTTATTGGGTTTAAAGGGTGCGCAGGCGGGATGCCAAGTCAGCGGTCAAATTTCGGGGCTCAACCCCGACCTGCCGTTGAAACTGGTGTCCTAGAGTGGGCGAGAAGTATGCGGAATGCGTGGTGTAGCGGTGAAATGCATAGATATCACGCAGAACTCCGATTGCGAAGGCAGCATACCGGCGCCCAACTGACGCTCATGCACGAAAGCGTGGGT","101","0","152","116","0","0","193","0","260","262","83","0","71","0","58","0","0","0","0","Bacteria","Bacteroidetes","Bacteroidia","Bacteroidales","Porphyromonadaceae",NA
"GCGAGCGTTATCCGGATTTATTGGGTTTAAAGGGTGCGTAGGCGGTCCGTTAAGTCAGCGGTAAAATTGCGGGGCTCAACCCCGTCGAGCCGTTGAAACTGGCAGACTTGAGTTGGCGAGAAGTACGCGGAATGCGCGGTGTAGCGGTGAAATGCATAGATATCGCGCAGAACTCCGATTGCGAAGGCAGCGTACCGGCGCCAGACTGACGCTGAGGCACGAAAGCGTGGGG","69","31","42","30","20","46","106","34","145","118","119","48","190","104","37","39","22","23","38","Bacteria","Bacteroidetes","Bacteroidia","Bacteroidales","Porphyromonadaceae",NA
"GCGAGCGTTATCCGGATTTATTGGGTTTAAAGGGTGCGTAGGCGGACAGTTAAGTCAGCGGTAAAATTGAGAGGCTCAACCTCTTCCCGCCGTTGAAACTGATTGTCTTGAGTGGGCGAGAAGTATGCGGAATGCGTGGTGTAGCGGTGAAATGCATAGATATCACGCAGAACTCCGATTGCGAAGGCAGCATACCGGCGCCCAACTGACGCTGAAGCACGAAAGCGTGGGT","65","0","0","0","0","0","121","79","341","280","237","0","45","0","20","12","10","0","0","Bacteria","Bacteroidetes","Bacteroidia","Bacteroidales","Porphyromonadaceae",NA
"GCAAGCGTTATCCGGATTTATTGGGCGTAAAGCGAGCGCAGGCGGTTGCTTAGGTCTGATGTGAAAGCCTTCGGCTTAACCGAAGAAGTGCATCGGAAACCGGGCGACTTGAGTGCAGAAGAGGACAGTGGAACTCCATGTGTAGCGGTGGAATGCGTAGATATATGGAAGAACACCAGTGGCGAAGGCGGCTGTCTGGTCTGCAACTGACGCTGAGGCTCGAAAGCATGGGT","42","53","45","0","12","45","39","17","131","92","151","19","30","133","10","29","39","117","26","Bacteria","Firmicutes","Bacilli","Lactobacillales","Lactobacillaceae","Lactobacillus"
"GCAAGCGTTATCCGGATTTACTGGGTGTAAAGGGAGCGTAGACGGTGAGACAAGTCTGAAGTGAAAGCCCGGGGCTCAACCCCGGGACTGCTTTGGAAACTGCCTGACTGGAGTGCTGGAGAGGCAAGCGGAATTCCTAGTGTAGCGGTGAAATGCGTAGATATTAGGAAGAACACCAGTGGCGAAGGCGGCTTGCTGGACAGTAACTGACGTTGAGGCTCGAAAGCGTGGGG","44","14","87","35","67","14","13","78","79","98","273","144","17","0","0","0","0","0","0","Bacteria","Firmicutes","Clostridia","Clostridiales","Lachnospiraceae",NA
"GCAAGCGTTATCCGGAATTACTGGGTGTAAAGGGAGCGTAGACGGTAATGCAAGTCTGGAGTGAAAGGCGGGGGCCCAACCCCCGGACTGCTCTGGAAACTGTGTAACTGGAGTGCAGGAGAGGCAGGCGGAATTCCTAGTGTAGCGGTGAAATGCGTAGATATTAGGAGGAACACCAGTGGCGAAGGCGGCCTGCTGGACTGTAACTGACGTTGAGGCTCGAAAGCGTGGGG","282","59","51","13","0","15","11","18","51","26","47","0","147","32","38","47","14","48","32","Bacteria","Firmicutes","Clostridia","Clostridiales","Lachnospiraceae",NA
"GCAAGCGTTATCCGGATTTACTGGGTGTAAAGGGAGCGTAGACGGTGCGCCAAGTCTGGAGTGAAATGCCGCAGCTTAACTGCGGAACTGCTTTGGAAACTGGCGAACTAGAGTGCGGGAGGGGTAAGCGGAATTCCTAGTGTAGCGGTGAAATGCGTAGATATTAGGAGGAACACCGGTGGCGAAGGCGGCTTACTGGACCGTAACTGACGTTGAGGCTCGAAAGCGTGGGG","54","136","7","6","0","0","9","48","15","51","0","23","302","0","55","37","30","30","49","Bacteria","Firmicutes","Clostridia","Clostridiales","Lachnospiraceae",NA
"GCGAGCGTTGTCCGGAATCACTGGGCGTAAAGGGCGCGTAGGCGGTTTAATAAGTCAGTGGTGAAAACTGAGGGCTCAACCCTCAGCCTGCCACTGATACTGTTAGACTTGAGTATGGAAGAGGAGAATGGAATTCCTAGTGTAGCGGTGAAATGCGTAGATATTAGGAGGAACACCAGTGGCGAAGGCGATTCTCTGGGCCAAGACTGACGCTGAGGCGCGAAAGCGTGGGG","26","8","57","14","0","12","20","16","123","190","103","54","34","23","25","28","49","22","39","Bacteria","Firmicutes","Clostridia","Clostridiales","Peptococcaceae_1","Peptococcus"
"GCAAGCGTTATCCGGATTTACTGGGTGTAAAGGGAGCGTAGACGGTTTTGCAAGTCTGATGTGAAAGCCCGGGGCTCAACCCCGGGACTGCATTGGAAACTGTATGACTGGAGTGCAGGAGAGGTAAGTGGAATTCCTAGTGTAGCGGTGAAATGCGTAGATATTAGGAGGAACACCAGTGGCGAAGGCGGCTTACTGGACTGTAACTGACGTTGAGGCTCGAAAGCGTGGGG","71","69","0","0","0","0","5","19","10","12","8","6","339","43","58","66","13","57","45","Bacteria","Firmicutes","Clostridia","Clostridiales","Lachnospiraceae","Clostridium_XlVa"
"GCAAGCGTTGTCCGGATTTACTGGGTGTAAAGGGCGTGCAGCCGGAGAGACAAGTCAGATGTGAAATCCACGGGCTCAACCCGTGAACTGCATTTGAAACTGTTTCCCTTGAGTGTCGGAGAGGTAATCGGAATTCCTTGTGTAGCGGTGAAATGCGTAGATATAAGGAAGAACACCAGTGGCGAAGGCGGATTACTGGACGATAACTGACGGTGAGGCGCGAAAGCGTGGGG","75","103","0","5","0","0","6","36","34","8","6","6","200","16","52","109","48","40","51","Bacteria","Firmicutes","Clostridia","Clostridiales","Ruminococcaceae","Oscillibacter"
"GCAAGCGTTATCCGGATTTACTGGGTGTAAAGGGAGCGTAGACGGCCAGACAAGTCTGAAGTGAAAATCCAGCGCTTAACGTTGGAAGTGCTTTGGAAACTGCCGGGCTAGAGTGCAGGAGGGGCAGGCGGAATTCCTAGTGTAGCGGTGAAATGCGTAGATATTAGGAGGAACACCAGTGGCGAAGGCGGCCTGCTGGACTGCAACTGACGTTGAGGCTCGAAGGCGTGGGG","62","25","12","22","22","19","0","0","52","58","46","35","59","22","78","43","36","61","52","Bacteria","Firmicutes","Clostridia","Clostridiales","Lachnospiraceae",NA
"GCAAGCGTTGTCCGGATTTACTGGGTGTAAAGGGCGTGCAGCCGGGAAGACAAGTCAGATGTGAAATCCCGCGGCTCAACCGCGGAACTGCATTTGAAACTGTTTTTCTTGAGTACCGGAGAGGTCATCGGAATTCCTTGTGTAGCGGTGAAATGCGTAGATATAAGGAAGAACACCAGTGGCGAAGGCGGATGACTGGACGGCAACTGACGGTGAGGCGCGAAAGCGTGGGG","31","45","9","0","15","20","18","36","34","14","46","32","142","19","49","48","13","45","64","Bacteria","Firmicutes","Clostridia","Clostridiales","Ruminococcaceae","Oscillibacter"
"GCAAGCGTTATCCGGATTTACTGGGTGTAAAGGGAGCGTAGACGGCAATGCAAGCCAGATGTGAAAACCCGCAGCTCAACTGGGGGAGTGCATTTGGAACTGTGTAGCTGGAGTGCAGGAGAGGTAAGCGGAATTCCTGGTGTAGCGGTGAAATGCGTAGATATCAGGAGGAACACCAGTGGCGAAGGCGGCTTACTGGACTGTAACTGACGTTGAGGCTCGAAAGCGTGGGG","43","120","36","0","5","10","11","35","17","22","36","0","108","8","45","20","8","49","93","Bacteria","Firmicutes","Clostridia","Clostridiales","Lachnospiraceae","Eisenbergiella"
"GCAAGCGTTATCCGGATTTACTGGGTGTAAAGGGAGCGTAGACGGTGCGCCAAGTCTGGAGTGAAATGCCGCAGCTTAACTGCGGAACTGCTTTGGAAACTGGCGGACTAGAGTGCGGGAGGGGTAAGCGGAATTCCTAGTGTAGCGGTGAAATGCGTAGATATTAGGAGGAACACCGGTGGCGAAGGCGGCTTACTGGACCGTAACTGACGTTGAGGCTCGAAAGCGTGGGG","57","141","0","0","0","0","0","0","0","0","24","0","283","20","35","40","0","0","56","Bacteria","Firmicutes","Clostridia","Clostridiales","Lachnospiraceae",NA
"GCAAGCGTTATCCGGATTTACTGGGTGTAAAGGGGGCGCAGACGGCCATGGCAAGCCCGGTGTGAAAGGCAGGGGCATAACCCCTGGACTGCACTGGGAACTGTCAGGCTGGAGTGCCGGAGGGGTAAGCGGAATTCCTGGTGTAGCGGTGAAATGCGTAGATATCAGGAGGAACACCGGCGGCGAAGGCGGCTTACTGGACGGCAACTGACGTTGAGGCCCGAAAGCGTGGGG","28","30","57","8","24","11","18","23","47","44","147","85","41","9","0","21","0","8","15","Bacteria","Firmicutes","Clostridia","Clostridiales","Lachnospiraceae","Murimonas"
"GCAAGCGTTATCCGGATTTACTGGGTGTAAAGGGAGCGTAGACGGCAGTGCAAGTCTGAAGTGAAAGGCGGGGGCCCAACCCCCGGACTGCTTTGGAAACTGTGCTGCTGGAGTGCAGGAGAGGCAAGTGGAATTCCTAGTGTAGCGGTGAAATGCGTAGATATTAGGAGGAACACCAGTGGCGAAGGCGGCTTGCTGGACTGTAACTGACGTTGAGGCTCGAAAGCGTGGGG","74","72","21","8","13","16","13","24","12","9","45","32","83","8","43","47","8","31","42","Bacteria","Firmicutes","Clostridia","Clostridiales","Lachnospiraceae",NA
"GCAAGCGTTATCCGGATTTACTGGGTGTAAAGGGAGCGTAGGCGGCCATGCAAGTCAGAAGTGAAAACCCGGGGCTCAACCCTGGGAGTGCTTTTGAAACTGTGCGGCTAGAGTGTCGGAGGGGTAAGTGGAATTCCTAGTGTAGCGGTGAAATGCGTAGATATTAGGAGGAACACCAGTGGCGAAGGCGGCTTACTGGACGATGACTGACGCTGAGGCTCGAAAGCGTGGGG","34","103","0","0","0","0","0","0","0","0","0","0","187","9","16","22","12","74","95","Bacteria","Firmicutes","Clostridia","Clostridiales","Lachnospiraceae",NA
"GCAAGCGTTATCCGGATTTACTGGGTGTAAAGGGAGCGCAGACGGCTGTGCAAGTCTGGAGTGAAAGGCGGGGGCCCAACCCCCGGACTGCTCTGGAAACTGTAAAGCTGGAGTGCAGGAGAGGTAAGCGGAATTCCTAGTGTAGCGGTGAAATGCGTAGATATTAGGAGGAACACCAGTGGCGAAGGCGGCTTACTGGACTGCAACTGACGTTGAGGCTCGAAAGCGTGGGG","45","54","0","4","0","0","0","0","26","0","12","0","114","12","48","53","20","58","97","Bacteria","Firmicutes","Clostridia","Clostridiales","Lachnospiraceae",NA
"GCAAGCGTTATCCGGATTTACTGGGTGTAAAGGGAGCGTAGACGGCGATGCAAGTCTGAAGTGAAAGGCGGGGGCCCAACCCCCGGACTGCTTTGGAAACTGTATAGCTGGAGTGCAGGAGAGGTAAGTGGAATTCCTAGTGTAGCGGTGAAATGCGTAGATATTAGGAGGAACACCAGTGGCGAAGGCGGCTTACTGGACTGTAACTGACGTTGAGGCTCGAAAGCGTGGGG","58","54","20","0","0","16","16","26","25","17","52","25","56","21","21","45","0","44","33","Bacteria","Firmicutes","Clostridia","Clostridiales","Lachnospiraceae","Clostridium_XlVa"
"GCAAGCGTTATCCGGAATTACTGGGTGTAAAGGGAGCGTAGACGGTGATGCAAGTCTGGAGTGAAAGGCGGGGGCCCAACCCCCGGACTGCTCTGGAAACTGTGTAACTTGAGTGCAGGAGAGGTAAGCGGAATTCCTAGTGTAGCGGTGAAATGCGTAGATATTAGGAGGAACACCAGTGGCGAAGGCGGCTTACTGGACTGTAACTGACGTTGAGGCTCGAAAGCGTGGGG","6","14","29","0","14","17","10","13","46","21","59","53","96","17","33","31","10","24","33","Bacteria","Firmicutes","Clostridia","Clostridiales","Lachnospiraceae",NA
"GCAAGCGTTATCCGGATTTACTGGGTGTAAAGGGAGCGTAGACGGCGCGGCAAGTCTGAAGTGAAAGGCAGGGGCTTAACCCCTGAACTGCTTTGGAAACTGCCATGCTAGAGTGCTGGAGAGGTAAGTGGAATTCCTAGTGTAGCGGTGAAATGCGTAGATATTAGGAGGAACACCAGTGGCGAAGGCGGCTTACTGGACAGTAACTGACGTTGAGGCTCGAAAGCGTGGGG","27","34","27","12","14","0","0","32","43","50","88","29","41","9","10","28","11","5","16","Bacteria","Firmicutes","Clostridia","Clostridiales","Lachnospiraceae",NA
"GCAAGCGTTATCCGGATTTACTGGGTGTAAAGGGAGCGCAGACGGCAGTGCAAGTCTGGAGTGAAAGCCCGGGGCCCAACCCCGGAACTGCTCTGGAAACTGTGCGGCTAGAGTACTGGAGGGGCAGGCGGAATTCCTAGTGTAGCGGTGAAATGCGTAGATATTAGGAGGAACACCAGTGGCGAAGGCGGCCTGCTGGACAGTAACTGACGTTGAGGCTCGAAAGCGTGGGG","18","21","13","7","11","0","6","23","38","21","45","41","84","7","18","21","10","22","31","Bacteria","Firmicutes","Clostridia","Clostridiales","Lachnospiraceae",NA
"GCAAGCGTTATCCGGATTTACTGGGTGTAAAGGGAGCGTAGGCGGCCTGGCAAGCCTGATGTGAAATACCGGGGCCCAACCCCGGGGCTGCATTGGGAACTGCCAGGCTGGAGTGCCGGAGAGGCAGGCGGAATTCCTAGTGTAGCGGTGAAATGCGTAGATATTAGGAGGAACACCAGTGGCGAAGGCGGCCTGCTGGACGGTGACTGACGCTGAGGCTCGAAAGCGTGGGG","0","0","67","12","40","38","44","96","38","10","0","0","0","0","0","15","0","24","36","Bacteria","Firmicutes","Clostridia","Clostridiales","Lachnospiraceae",NA
"GCAAGCGTTATCCGGATTTACTGGGTGTAAAGGGAGCGCAGGCGGCATGGCAAGTCAGATGTGAAAGCCCGGGGCTCAACCCCGGGACTGCATTTGAAACTGCCAGGCTAGAGTGTCGGAGAGGCAAGTGGAATTCCTAGTGTAGCGGTGAAATGCGTAGATATTAGGAGGAACACCAGTGGCGAAGGCGGCTTGCTGGACGATCACTGACGCTGAGGCTCGAAAGCGTGGGG","28","71","0","0","0","0","0","0","0","0","0","0","83","15","34","51","23","38","63","Bacteria","Firmicutes","Clostridia","Clostridiales","Lachnospiraceae",NA
"GCAAGCGTTATCCGGATTTACTGGGTGTAAAGGGAGCGTAGACGGCTGTGCAAGTCTGAAGTGAAAGCCCGTGGCTCAACCGCGGAACTGCTTTGGAAACTGTATAGCTTGAGTACTGGAGAGGCAGGCGGAATTCCTAGTGTAGCGGTGAAATGCGTAGATATTAGGAGGAACACCAGTGGCGAAGGCGGCCTGCTGGACAGAAACTGACGTTGAGGCTCGAAAGCGTGGGG","27","32","41","0","28","0","14","30","20","48","30","20","21","0","23","0","9","26","34","Bacteria","Firmicutes","Clostridia","Clostridiales","Lachnospiraceae",NA
"GCGAGCGTTATCCGGATTCACTGGGCGTAAAGGGAGCGCAGGCGGCACGGCAAGTCCGGTGTGAAAGCCCGGGGCCCAACCCCGGGACTGCACTGGAAACTGCCGGGCTGGAGTGCCGGAGGGGTAAGCGGAATTCCTGGTGTAGCGGTGAAATGCGCAGATATCAGGAGGAACACCAGTGGCGGAGGCGGCTTACTGGACGGTCACTGACGCTGAGGCTCGAAAGCGTGGGG","50","64","18","0","6","0","0","21","12","15","45","25","91","28","7","0","0","7","0","Bacteria","Firmicutes","Clostridia","Clostridiales","Lachnospiraceae",NA
"GCAAGCGTTATCCGGATTTACTGGGTGTAAAGGGAGCGTAGACGGCGATGCAAGTCTGAAGTGAAAGCCCGGGGCTCAACCCCGGGACTGCTTTGGAAACTGTATGGCTGGAGTGCTGGAGAGGCAAGCGGAATTCCTAGTGTAGCGGTGAAATGCGTAGATATTAGGAAGAACACCAGTGGCGAAGGCGGCTTGCTGGACAGTAACTGACGTTGAGGCTCGAAAGCGTGGGG","10","19","0","0","0","0","0","0","13","9","20","0","81","20","34","37","32","40","59","Bacteria","Firmicutes","Clostridia","Clostridiales","Lachnospiraceae","Clostridium_XlVa"
"GCAAGCGTTGTCCGGATTTACTGGGTGTAAAGGGTGCGTAGGCGGCTTTGCAAGTCAGAAGTGAAATCCATGGGCTTAACCCATGAACTGCTTTTGAAACTGCAGAGCTTGAGTGGAGTAGAGGTAGGCGGAATTCCCGGTGTAGCGGTGAAATGCGTAGAGATCGGGAGGAACACCAGTGGCGAAGGCGGCCTGCTGGGCTCTAACTGACGCTGAGGCACGAAAGCGTGGGT","35","45","0","0","0","0","0","4","11","5","7","0","155","6","9","44","12","13","23","Bacteria","Firmicutes","Clostridia","Clostridiales","Ruminococcaceae","Clostridium_IV"
"GCGAGCGTTATCCGGATTTACTGGGTGTAAAGGGAGCGTAGACGGCGTCGCAAGTCTGAAGTGAAAGCCCGTGGCTCAACCGCGGAACCGCTTTGGAAACTGCGAGGCTGGAGTGCTGGAGAGGTAAGCGGAATTCCTGGTGTAGCGGTGAAATGCGTAGATATCAGGAGGAACACCGGTGGCGAAGGCGGCTTACTGGACAGTGACTGACGTTGAGGCTCGAAAGCGTGGGG","8","24","19","0","14","0","0","14","43","34","64","21","75","0","6","7","7","11","17","Bacteria","Firmicutes","Clostridia","Clostridiales","Lachnospiraceae",NA
"GCAAGCGTTATCCGGATTTACTGGGTGTAAAGGGAGCGTAGACGGCATAGCAAGTCTGAAGTGAAAGCCCAAGGCTCAACCATGGGACTGCTTTGGAAACTGTTAAGCTAGAGTGCTGGAGAGGTAAGCGGAATTCCTAGTGTAGCGGTGAAATGCGTAGATATTAGGAAGAACACCAGTGGCGAAGGCGGCTTACTGGACAGTAACTGACGTTGAGGCTCGAAAGCGTGGGG","0","71","8","0","0","0","0","11","11","15","35","16","55","10","52","25","8","16","30","Bacteria","Firmicutes","Clostridia","Clostridiales","Lachnospiraceae",NA
"GCAAGCGTTATCCGGATTTACTGGGTGTAAAGGGAGCGTAGACGGTTATGTAAGTCTGGAGTGAAAGCCCGGGGCCCAACCCCGGGACTGCTTTGGAAACTGTGTAACTGGAGTACAGGAGGGGCAGGCGGAATTCCTGGTGTAGCGGTGAAATGCGTAGATATCAGGAGGAACACCGGCGGCGAAGGCGGCCTGCTGGACTGAAACTGACGTTGAGGCTCGAAAGCGTGGGG","42","55","0","0","0","0","0","0","0","0","0","0","140","10","11","26","9","43","24","Bacteria","Firmicutes","Clostridia","Clostridiales","Lachnospiraceae","Acetatifactor"
"GCGAGCGTTATCCGGATTTACTGGGTGTAAAGGGAGCGCAGGCGGCGTGGCAAGTCAGATGTGAAAACCCGGGGCCCAACCCCGGGACTGCATTTGAAACTGCCATGCTGGAGTGCCGGAGAGGCAAGTGGAATTCCTAGTGTAGCGGTGAAATGCGTAGATATTAGGAGGAACACCAGTGGCGGAGGCGGCTTGCTGGACGGTAACTGACGCTGAGGCTCGAAAGCGTGGGG","55","46","0","0","5","0","0","0","0","0","8","0","107","0","53","11","0","36","32","Bacteria","Firmicutes","Clostridia","Clostridiales","Lachnospiraceae",NA
"GCAAGCGTTATCCGGAATTATTGGGCGTAAAGAGTACGTAGGTGGCAACCTAAGCGCAGGGTTTAAGGCAATGGCTCAACCATTGTTCGCCCTGCGAACTGGGATGCTTGAGTGCAGGAGAGGAAAGCGGAATTCCTAGTGTAGCGGTGAAATGCGTAGATATTAGGAGGAACACCAGTGGCGAAGGCGGCTTTCTGGACTGTAACTGACACTGAGGTACGAAAGCGTGGGG","6","11","8","8","7","9","21","5","37","13","11","8","55","43","6","23","26","21","26","Bacteria","Firmicutes","Clostridia","Clostridiales",NA,NA
"GCAAGCGTTGTCCGGATTTACTGGGTGTAAAGGGTGCGTAGGCGGCCTTGCAAGTCAGAAGTGAAATCCATGGGCTTAACCCGTGAACTGCTTTTGAAACTGTAGGGCTTGAGTGAAGTAGAGGCAGGCGGAATTCCCGGTGTAGCGGTGAAATGCGTAGAGATCGGGAGGAACACCAGTGGCGAAGGCGGCCTGCTGGGCTTTAACTGACGCTGAAGCACGAAAGCGTGGGT","50","24","8","6","8","14","11","18","31","21","37","14","38","0","20","20","0","6","15","Bacteria","Firmicutes","Clostridia","Clostridiales","Ruminococcaceae","Clostridium_IV"
"GCAAGCGTTATCCGGATTTACTGGGTGTAAAGGGAGCGTAGACGGCAGAGCAAGTCTGAAGTGAAAGCCCGCGGCCCAACTGCGGGACTGCTTTGGAAACTGCCCGGCTAGAGTGCTGGAGAGGTAAGCGGAATTCCTAGTGTAGCGGTGAAATGCGTAGATATTAGGAGGAACACCAGTGGCGAAGGCGGCTTACTGGACAGTAACTGACGTTGAGGCTCGAAAGCGTGGGG","18","34","28","0","0","0","0","16","33","22","27","15","49","11","19","23","0","23","23","Bacteria","Firmicutes","Clostridia","Clostridiales","Lachnospiraceae",NA
"GCAAGCGTTATCCGGATTTACTGGGTGTAAAGGGAGCGTAGACGGCAGCGCAAGTCTGAAGTGAAATGCCAGGGCTTAACCCTGGAACTGCTTTGGAAACTGTGCAGCTAGAGTGCAGGAGAGGTAAGTGGAATTTCTAGTGTAGCGGTGAAATGCGTAGATATTAGGAGGAACACCAGTGGCGAAGGCGGCTTACTGGACTGTAACTGACGTTGAGGCTCGAAAGCGTGGGG","0","0","18","10","0","22","13","37","89","62","43","41","0","0","0","0","0","0","0","Bacteria","Firmicutes","Clostridia","Clostridiales","Lachnospiraceae",NA
"GCAAGCGTTATCCGGATTTACTGGGTGTAAAGGGAGCGTAGACGGCAGGGCAAGTCTGGAGTGAAAGGCAGGGGCCCAACCCCTGGACTGCTCTGGAAACTGTCCGGCTGGAGTGCAGGAGAGGTAAGTGGAATTCCTAGTGTAGCGGTGAAATGCGTAGATATTAGGAGGAACACCAGTGGCGAAGGCGGCTTACTGGACTGTAACTGACGTTGAGGCTCGAAAGCGTGGGG","13","21","0","0","0","0","0","0","18","0","0","0","44","0","22","30","21","56","106","Bacteria","Firmicutes","Clostridia","Clostridiales","Lachnospiraceae","Robinsoniella"
"GCGAGCGTTATCCGGAATTATTGGGCGTAAAGGGTGCGTAGATGGCATAGTAAGTCTTTTGTAAAAATGCTGGGCTCAACCCAGTAGGGCAAAAGATACTGCAAAGCTAGAGTATGACAGAGGCAAGTGGAACTACATGTGTAGCGGTAAAATGCGTAAATATATGTAAGAACACCAGTGGCGAAGGCGGCTTGCTGGGTCGATACTGACATTGAGGCACGAAAGCGTGGGG","84","48","0","0","0","0","3","0","26","0","0","0","87","15","0","6","19","11","31","Bacteria","Tenericutes","Mollicutes","Anaeroplasmatales","Anaeroplasmataceae","Anaeroplasma"
"GCGAGCGTTATCCGGATTTATTGGGCGTAAAGCGTCCGCAGCCGGTTTATTAAGTATAGAATAAAACTTCGGGGCTCAACCCCGTCTCGTTCTATAAACTGATAGACTAGAGTGTGGTAGAGGCAAGTGGAATTTCTAGTGTAGCGGTAGAATGCGTAGATATTAGAAGGAACACCAGTGGCGAAGGCGACTTGCTGGGCCATCACTGACGGTCAGGGACGAAAGCGTGGGG","0","0","30","23","24","16","18","5","58","94","34","15","0","0","0","0","0","0","0","Bacteria",NA,NA,NA,NA,NA
"GCAAGCGTTGTCCGGATTTACTGGGTGTAAAGGGCGTGTAGCCGGGCTTACAAGTCAGATGTGAAATCCGGGGGCTCAACCCCCGAACTGCATTTGAAACTGTAGGTCTTGAGTATCGGAGAGGCAGGCGGAATTCCTAGTGTAGCGGTGAAATGCGTAGATATTAGGAGGAACACCAGTGGCGAAGGCGGCCTGCTGGACGACAACTGACGGTGAGGCGCGAAAGCGTGGGG","63","53","0","0","0","0","0","0","0","0","0","0","81","12","34","44","18","0","0","Bacteria","Firmicutes","Clostridia","Clostridiales","Ruminococcaceae","Sporobacter"
"GCAAGCGTTATCCGGATTTATTGGGTGTAAAGGGCGTGTAGGCGGGAATGCAAGTCAGATGTGAAAACTATGGGCTCAACCCATAGCCTGCATTTGAAACTGTATTTCTTGAGTGCTGGAGAGGCAATCGGAATTCCGTGTGTAGCGGTGAAATGCGTAGATATACGGAGGAACACCAGTGGCGAAGGCGGATTGCTGGACAGTAACTGACGCTGAGGCGCGAAAGCGTGGGG","16","37","0","0","6","0","10","14","0","11","14","12","83","8","18","13","0","31","28","Bacteria","Firmicutes","Clostridia","Clostridiales","Ruminococcaceae","Flavonifractor"
"GCAAGCGTTATCCGGATTTATTGGGCGTAAAGGGCTCGTAGGCGGTTCGTCGCGTCCGGTGTGAAAGTCCATCGCTTAACGGTGGATCCGCGCCGGGTACGGGCGGGCTTGAGTGCGGTAGGGGAGACTGGAATTCCCGGTGTAACGGTGGAATGTGTAGATATCGGGAAGAACACCAATGGCGAAGGCAGGTCTCTGGGCCGTTACTGACGCTGAGGAGCGAAAGCGTGGGG","24","0","16","29","10","21","7","3","29","79","28","19","4","16","0","0","0","0","0","Bacteria","Actinobacteria","Actinobacteria","Bifidobacteriales","Bifidobacteriaceae","Bifidobacterium"
"GCAAGCGTTATCCGGATTTACTGGGTGTAAAGGGAGCGTAGACGGTTGTGCAAGTCTGAAGTGAAAGCCCGCGGCTCAACTGCGGAACGGCTTTGGAAACTGTGTAACTGGAGTGCTGGAGAGGTAAGCGGAATTCCTGGTGTAGCGGTGAAATGCGTAGAGATCAGGAGGAACACCGGCGGCGAAGGCGGCTTACTGGACAGTAACTGACGTTGAGGCTCGAAAGCGTGGGG","19","19","14","0","4","0","5","15","13","19","60","23","48","5","6","9","0","12","6","Bacteria","Firmicutes","Clostridia","Clostridiales","Lachnospiraceae",NA
"GCAAGCGTTATCCGGAATCACTGGGTGTAAAGGGAGCGTAGACGGCTGTGCAAGCCTGAAGTGAAAGGCGGGGGCCCAACCCCTGGACTGCTTTGGGAACTGTACGGCTGGAGTGCAGGAGAGGTAAGTGGAATTCCTAGTGTAGCGGTGAAATGCGTAGATATTAGGAGGAACACCAGTGGCGAAGGCGGCTTACTGGACTGTAACTGACGTTGAGGCTCGAAAGCGTGGGG","47","38","0","0","0","0","0","18","23","0","0","0","38","0","0","55","0","20","28","Bacteria","Firmicutes","Clostridia","Clostridiales","Lachnospiraceae",NA
"GCAAGCGTTATCCGGATTCACTGGGTGTAAAGGGAGCGTAGACGGCCATGCAAGCCAGGGGTGAAAGCCCGGGGCCCAACCCCGGGACTGCCCTTGGAACTGTGCGGCTGGAGTGCGGGAGGGGCAGGCGGAATTCCTGGTGTAGCGGTGAAATGCGTAGATATCAGGAGGAACACCGGCGGCGAAGGCGGCCTGCTGGACCGCGACTGACGTTGAGGCTCGAAAGCGTGGGG","20","46","0","0","0","0","0","0","0","0","0","0","80","0","25","31","0","32","22","Bacteria","Firmicutes","Clostridia","Clostridiales","Lachnospiraceae","Acetatifactor"
"GCAAGCGTTATCCGGATTTACTGGGTGTAAAGGGAGCGTAGACGGCAATACAAGTCGGAAGTGAAATACCCGGGCTCAACCTGGGAACTGCTTTGGAAACTGTATGGCTGGAGTGCTGGAGAGGTAAGCGGAATTCCTAGTGTAGCGGTGAAATGCGTAGATATTAGGAGGAACACCAGTGGCGAAGGCGGCTTACTGGACAGTAACTGACGTTGAGGCTCGAAAGCGTGGGG","0","10","16","0","13","8","0","12","8","14","67","18","33","9","8","15","7","7","11","Bacteria","Firmicutes","Clostridia","Clostridiales","Lachnospiraceae",NA
"GCGAGCGTTATCCGGATTTACTGGGTGTAAAGGGAGCGTAGACGGTTCTGCAAGTCTGAAGTGAAAGCCCGTGGCTTAACCGCGGAACGGCTTTGGAAACTGTGGAACTGGAGTGCTGGAGAGGCAAGCGGAATTCCTAGTGTAGCGGTGAAATGCGTAGATATTAGGAGGAACACCAGTGGCGAAGGCGGCTTGCTGGACAGTAACTGACGTTGAGGCTCGAAAGCGTGGGG","0","5","45","0","22","0","0","12","18","19","82","47","0","0","0","0","0","0","0","Bacteria","Firmicutes","Clostridia","Clostridiales","Lachnospiraceae",NA
"GCAAGCGTTATCCGGATTCACTGGGCGTAAAGGGAGCGCAGGCGGCACGGCAAGTCTGGTGTGAAAACCCGGGGCTCAACCCCGGGACTGCATTGGAAACTGCCGGGCTGGAGTGTCGGAGGGGTAAGCGGAATTCCTAGTGTAGCGGTGAAATGCGTAGATATTAGGAGGAACACCAGTGGCGAAGGCGGCTTACTGGACGATGACTGACGCTGAGGCTCGAAAGCGTGGGG","41","41","10","0","0","0","0","0","8","0","19","0","102","17","0","0","0","0","0","Bacteria","Firmicutes","Clostridia","Clostridiales","Lachnospiraceae",NA
"GCAAGCGTTGTCCGGATTTACTGGGTGTAAAGGGCGTGTAGCCGGGCTGACAAGTCAGATGTGAAATCCGGGGGCTCAACCCCCGAACTGCATTTGAAACTGTTGGTCTTGAGTATCGGAGAGGCAGGCGGAATTCCTAGTGTAGCGGTGAAATGCGTAGATATTAGGAGGAACACCAGTGGCGAAGGCGGCCTGCTGGACGACAACTGACGGTGAGGCGCGAAAGCGTGGGG","0","0","8","0","11","10","0","16","45","13","0","33","0","0","0","0","0","39","60","Bacteria","Firmicutes","Clostridia","Clostridiales","Ruminococcaceae","Sporobacter"
"GCGAGCGTTGTCCGGATTTACTGGGCGTAAAGGGAGCGTAGGCGGACTTTTAAGTGAGATGTGAAATACTCGGGCTCAACTTGAGTGCTGCATTTCAAACTGGAAGTCTAGAGTGCAGGAGAGGAGAATGGAATTCCTAGTGTAGCGGTGAAATGCGTAGAGATTAGGAAGAACACCAGTGGCGAAGGCGATTCTCTGGACTGTAACTGACGCTGAGGCTCGAAAGCGTGGGG","128","0","6","4","0","6","14","0","24","31","13","6","0","0","0","0","0","0","0","Bacteria","Firmicutes","Clostridia","Clostridiales","Clostridiaceae_1","Clostridium_sensu_stricto"
"GCAAGCGTTATCCGGATTTACTGGGTGTAAAGGGAGCGTAGACGGTGATGCAAGTCTGAAGTGAAAGGCGGGGGCTCAACCCCCGGACTGCTTTGGAAACTGTATGACTGGAGTGCAGGAGAGGTAAGTGGAATTCCTAGTGTAGCGGTGAAATGCGTAGATATTAGGAGGAACACCAGTGGCGAAGGCGGCTTACTGGACTGTAACTGACGTTGAGGCTCGAAAGCGTGGGG","93","12","22","0","18","0","0","0","0","0","0","0","37","0","0","16","0","17","15","Bacteria","Firmicutes","Clostridia","Clostridiales","Lachnospiraceae","Clostridium_XlVa"
"GCAAGCGTTGTTCGGAATGACTGGGCGTAAAGGGTGCGTAGGCGGTTGTACAAGTTAGAAGTGAAATACCCAGGGCTTAACTCGGGTGCTGCTTCTAAAACTGTATGACTTGAGTGCAGTAGAGGTTAGTGGAATTCCTAGTGTAGCGGTGGAATGCGTAGATATTAGGAGGAACACCAGAGGCGAAGGCGGCTAACTGGACTGCAACTGACGCTGAGGCACGAAAGTGTGGGG","26","3","17","0","0","0","6","6","12","16","14","4","38","19","11","9","19","8","18","Bacteria","Firmicutes","Clostridia","Clostridiales",NA,NA
"GCAAGCGTTATCCGGATTTACTGGGTGTAAAGGGAGCGTAGACGGCTGTGCAAGTCTGAAGTGAAAGCCCAGGGCTCAACCCTGGGACTGCTTTGGAAACTGTGGAGCTAGAGTGCTGGAGAGGTAAGTGGAATTCCTAGTGTAGCGGTGAAATGCGTAGATATTAGGAGGAACACCAGTGGCGAAGGCGGCTTACTGGACAGTAACTGACGTTGAGGCTCGAAAGCGTGGGG","0","0","31","0","13","0","0","9","25","21","75","52","0","0","0","0","0","0","0","Bacteria","Firmicutes","Clostridia","Clostridiales","Lachnospiraceae","Clostridium_XlVa"
"GCAAGCGTTATCCGGATTCACTGGGCGTAAAGGGAGCGCAGGCGGCATGGCAAGTCTGATGTGAAAACCCGGGGCCCAACCCCGGGAGTGCATTGGAAACTGCCAGGCTGGAGTGTCGGAGGGGTAAGCGGAATTCCTAGTGTAGCGGTGAAATGCGTAGATATTAGGAGGAACACCAGTGGCGAAGGCGGCTTACTGGACGACTACTGACGCTGAGGCTCGAAAGCGTGGGG","5","12","0","0","0","0","4","10","0","0","8","3","20","21","15","30","14","36","47","Bacteria","Firmicutes","Clostridia","Clostridiales","Lachnospiraceae",NA
"GCAAGCGTTATCCGGATTTACTGGGTGTAAAGGGAGCGTAGACGGTGATGCAAGTCAGAAGTGAAAGCCCGGGGCTCAACTCCGGGACTGCTTTTGAAACTGTGTGACTGGAGTGCAGGAGAGGTAAGCGGAATTCCTGGTGTAGCGGTGAAATGCGTAGATATCAGGAGGAACACCAGTGGCGAAGGCGGCTTACTGGACTGTAACTGACGTTGAGGCTCGAAAGCGTGGGG","10","12","0","0","0","0","0","7","67","18","24","0","16","0","8","38","0","6","12","Bacteria","Firmicutes","Clostridia","Clostridiales","Lachnospiraceae","Clostridium_XlVa"
"GCAAGCGTTGTCCGGATTTACTGGGTGTAAAGGGCGTGTAGCCGGGTTGACAAGTCAGATGTGAAATCCTGCGGCTTAACCGCAGAACTGCATTTGAAACTGTTGATCTTGAGTACTGGAGAGGCAGACGGAATTCCTAGTGTAGCGGTGAAATGCGTAGATATTAGGAGGAACACCAGTGGCGAAGGCGGTCTGCTGGACAGCAACTGACGGTGAGGCGCGAAAGCGTGGGG","0","15","7","0","0","0","9","20","18","5","13","12","37","5","13","17","5","13","24","Bacteria","Firmicutes","Clostridia","Clostridiales","Ruminococcaceae",NA
"GCAAGCGTTATCCGGATTTACTGGGTGTAAAGGGGGCGCAGACGGCAGCGCAAGCCAGGAGTGAAAGCCCGGGGCCCAACCCCGGGACTGCTCTTGGAACTGCGCGGCTGGAGTGCAGGAGGGGCAGGCGGAATTCCTGGTGTAGCGGTGAAATGCGTAGATATCAGGAGGAACACCGGTGGCGAAGGCGGCCTGCTGGACTGCGACTGACGTTGAGGCCCGAAAGCGTGGGG","5","18","12","0","7","0","0","10","40","7","24","11","12","4","12","12","7","12","13","Bacteria","Firmicutes","Clostridia","Clostridiales","Lachnospiraceae","Acetatifactor"
"GCAAGCGTTATCCGGAATTACTGGGTGTAAAGGGAGCGTAGACGGTGATGTAAGTCTGGAGTGAAAGGCGGGGGCCCAACCCCCGGACTGCTCTGGAAACTATGTGACTGGAGTGCAGGAGAGGTGAGCGGAATTCCTAGTGTAGCGGTGAAATGCGTAGATATTAGGAGGAACACCAGTGGCGAAGGCGGCTCACTGGACTGTAACTGACGTTGAGGCTCGAAAGCGTGGGG","14","0","0","0","0","0","0","0","12","23","19","0","29","0","24","18","10","17","38","Bacteria","Firmicutes","Clostridia","Clostridiales","Lachnospiraceae",NA
"GCAAGCGTTATCCGGATTTACTGGGTGTAAAGGGAGCGCAGGCGGCGCGGCAAGTCTGATGTGAAAGCCCGGGGCTCAACCCCGGGACTGCATTGGAAACTGTCGCGCTCGAGTGTCGGAGAGGTAAGTGGAATTCCTAGTGTAGCGGTGAAATGCGTAGATATTAGGAGGAACACCAGTGGCGAAGGCGGCTTACTGGACGACAACTGACGCTGAGGCTCGAAAGCGTGGGG","24","11","0","0","5","0","0","13","9","0","0","0","46","0","12","33","0","23","24","Bacteria","Firmicutes","Clostridia","Clostridiales","Lachnospiraceae","Roseburia"
"GCAAGCGTTATCCGGATTTACTGGGTGTAAAGGGAGCGTAGACGGCTGTGCAAGTCTGAAGTGAAATGCCGGGGCTCAACCCCGGAACTGCTTTGGAAACTGTACAGCTAGAGTGCAGGAGGGGTGAGCGGAATTCCTAGTGTAGCGGTGAAATGCGTAGATATTAGGAGGAACACCGGTGGCGAAGGCGGCTCACTGGACTGTAACTGACGTTGAGGCTCGAAAGCGTGGGG","0","0","0","0","0","0","0","34","20","16","14","0","0","0","22","0","6","47","41","Bacteria","Firmicutes","Clostridia","Clostridiales","Lachnospiraceae",NA
"GCAAGCGTTATCCGGATTTACTGGGTGTAAAGGGAGCGTAGACGGCCAGACAAGTCTGAAGTGAAAATCCAGCGCTTAACGTTGGAAGTGCTTTGGAAACTGCCGGGCTGGAGTGCAGGAGGGGCAGGCGGAATTCCTAGTGTAGCGGTGAAATGCGTAGATATTAGGAGGAACACCAGTGGCGAAGGCGGCCTGCTGGACTGCAACTGACGTTGAGGCTCGAAGGCGTGGGG","0","0","0","0","0","0","0","0","0","39","0","0","38","0","56","34","0","0","33","Bacteria","Firmicutes","Clostridia","Clostridiales","Lachnospiraceae",NA
"CCGAGCATTATCCGGAGTGACTGGGTGTAAAGAGTTGCGTAGGTGGCATAGTAAGTAGCTAGTGAAATCTGGTGGCTCAACCATTCAGACTATTAGCTAAACTGCTAAGCTCGAGACCGTTAGGGGTAACTGGAATTTCTAGTGTAGGAGTGAAATCCGTAGATATTAGAAGGAACACCGATAGCGTAGGCAGGTTACTGGGACGGTTCTGACACTAAGGCACGAAAGCGTAGGG","0","31","5","0","3","10","3","3","18","18","7","0","6","15","18","16","18","13","10","Bacteria","Candidatus_Saccharibacteria",NA,NA,NA,NA
"GCAAGCGTTATCCGGATTTACTGGGTGTAAAGGGAGCGTAGACGGTATGGCAAGTCTGATGTGAAAACCCGGGGCTCAACCCCGGGACTGCATTGGAAACTGTCGGACTAGAGTGTCGGAGAGGCAAGTGGAATTCCTAGTGTAGCGGTGAAATGCGTAGATATTAGGAGGAACACCAGTGGCGAAGGCGGCTTGCTGGACGATGACTGACGTTGAGGCTCGAAAGCGTGGGG","7","11","9","14","9","0","14","0","34","20","17","0","23","0","5","13","0","6","7","Bacteria","Firmicutes","Clostridia","Clostridiales","Lachnospiraceae","Dorea"
"GCAAGCGTTATCCGGATTTACTGGGTGTAAAGGGAGCGTAGACGGTCCTGCAAGCCAGATGTGAAAGCCCGGGGCTCAACCCCGGGACTGCATTTGGAACTGTAAGGCTAGAGTGTCGGAGAGGCAGGCGGAATTCCTAGTGTAGCGGTGAAATGCGTAGATATTAGGAGGAACACCAGTGGCGAAGGCGGCCTGCTGGACGATGACTGACGTTGAGGCTCGAAAGCGTGGGG","46","50","0","0","0","0","0","0","0","0","0","0","61","11","18","0","0","0","0","Bacteria","Firmicutes","Clostridia","Clostridiales","Lachnospiraceae",NA
"GCAAGCGTTATCCGGATTTACTGGGTGTAAAGGGAGCGTAGACGGTTATGTAAGTCTGAAGTGAAAGCCCGGGGCCCAACCCCGGGACTGCTTTGGAAACTGTGTAACTAGAGTACAGGAGGGGCAGGCGGAATTCCTGGTGTAGCGGTGAAATGCGTAGATATCAGGAGGAACACCGGCGGCGAAGGCGGCCTGCTGGACTGAAACTGACGTTGAGGCTCGAAAGCGTGGGG","23","0","11","5","5","0","9","14","14","19","60","23","0","0","0","0","0","0","0","Bacteria","Firmicutes","Clostridia","Clostridiales","Lachnospiraceae","Acetatifactor"
"GCAAGCGTTATCCGGATTTACTGGGTGTAAAGGGCGTGTAGGCGGGAAAGCAAGTCAGATGTGAAAACCATGGGCTCAACCTGTGGCCTGCATTTGAAACTGTTTTTCTTGAGTACTGGAGAGGCAGACGGAATTCCTAGTGTAGCGGTGAAATGCGTAGATATTAGGAGGAACACCAGTGGCGAAGGCGGTCTGCTGGACAGCAACTGACGCTGAGGCGCGAAAGCGTGGGG","17","0","0","0","14","0","9","0","24","0","0","0","43","0","13","11","0","17","28","Bacteria","Firmicutes","Clostridia","Clostridiales","Ruminococcaceae",NA
"GCAAGCGTTATCCGGATTTACTGGGTGTAAAGGGCGTGTAGGCGGGGACGCAAGTCAGATGTGAAAACCACGGGCTCAACCTGTGGCCTGCATTTGAAACTGTGTTTCTTGAGTACTGGAGAGGCAGACGGAATTCCTAGTGTAGCGGTGAAATGCGTAGATATTAGGAGGAACACCAGTGGCGAAGGCGGTCTGCTGGACAGCAACTGACGCTGAGGCGCGAAAGCGTGGGG","0","19","0","15","0","14","0","26","33","13","17","0","38","0","0","0","0","0","0","Bacteria","Firmicutes","Clostridia","Clostridiales","Ruminococcaceae","Pseudoflavonifractor"
"GCAAGCGTTATCCGGATTTACTGGGTGTAAAGGGAGCGTAGACGGCGAAGAAAGTCTGAAGTGAAAGCCCGCGGCTCAACCGCGGAATGGCTTTGGAAACTTTTTTGCTGGAGTACCGGAGAGGTAAGCGGAATTCCTAGTGTAGCGGTGAAATGCGTAGATATTAGGAGGAACACCAGTGGCGAAGGCGGCTTACTGGACGGTAACTGACGTTGAGGCTCGAAAGCGTGGGG","6","0","13","5","10","0","13","13","0","22","31","27","9","0","10","0","0","0","6","Bacteria","Firmicutes","Clostridia","Clostridiales","Lachnospiraceae",NA
"GCAAGCGTTATCCGGATTTACTGGGTGTAAAGGGAGCGTAGGCGGCCACGCAAGTCAGAAGTGAAAACCCGGGGCTCAACCCTGGGAGTGCTTTTGAAACTGTGCGGCTAGAGTGTCGGAGGGGTAAGTGGAATTCCTAGTGTAGCGGTGAAATGCGTAGATATTAGGAGGAACACCAGTGGCGAAGGCGGCTTACTGGACGATGACTGACGCTGAGGCTCGAAAGCGTGGGG","0","43","0","0","0","0","0","0","0","0","0","0","76","0","0","0","7","35","0","Bacteria","Firmicutes","Clostridia","Clostridiales","Lachnospiraceae",NA
"GCGAGCGTTATCCGGATTTATTGGGTTTAAAGGGTGCGCAGGCGGGATGCCAAGTCAGCGGTCAAATTTCGGGGCTCAACCCCGACCTGCCGTTGAAACTGGTGTCCTAGAGTGGGCGAGAAGTATGCGGAATGCGTGGTGTAGCGGTGAAATGCATAGATATCACGCAGAACTCCGATTGCGAAGGCAGCATACCGGCGCCCGACTGACGCTCATGCACGAAAGCGTGGGT","0","0","0","0","0","0","0","0","68","0","27","0","55","0","0","0","0","0","0","Bacteria","Bacteroidetes","Bacteroidia","Bacteroidales","Porphyromonadaceae",NA
"GCAAGCGTTATCCGGATTTACTGGGTGTAAAGGGAGCGTAGACGGACTTGCAAGTCTGATGTGAAAATCCGGGGCCCAACCCCGGAACTGCATTGGAAACTGTATATCTAGAGTGTCGGAGAGGCAAGTGGAATTCCTGGTGTAGCGGTGAAATGCGTAGATATCAGGAGGAACACCAGTGGCGAAGGCGGCTTGCTGGACGATGACTGACGTTGAGGCTCGAAAGCGTGGGG","0","0","9","0","6","10","14","13","0","23","44","12","0","0","6","11","0","0","0","Bacteria","Firmicutes","Clostridia","Clostridiales","Lachnospiraceae","Dorea"
"GCGAGCGTTGTCCGGAATTACTGGGTGTAAAGGGAGCGTAGGCGGGCGAGAAAGTTGAATGTTAAATCTACCGGCTTAACTGGTAGCTGCGTTCAAAACTTCTTGTCTTGAGTGAAGTAGAGGCAGGCGGAATTCCTAGTGTAGCGGTGAAATGCGTAGATATTAGGAGGAACACCAGTGGCGAAGGCGGCCTGCTGGGCTTTAACTGACGCTGAGGCTCGAAAGCGTGGGG","0","0","15","0","6","11","10","15","0","18","35","17","9","0","0","6","3","0","0","Bacteria","Firmicutes","Clostridia","Clostridiales","Ruminococcaceae","Acetanaerobacterium"
"GCAAGCGTTGTCCGGAATTACTGGGCGTAAAGGGCGCGTAGGTGGGCGCTTAAGTCAGGTGTGAAAACTCCGGGCTCAACCTGGAGACTGCACTTGAAACTGGGTGTCTTGAGGGCAGGAGAGGAAAGTGGAATTCCTAGTGTAGCGGTGAAATGCGTAGATATTAGGAGGAACACCAGTGGCGAAGGCGACTTTCTGGACTGTACCTGACGCTGAGGCGCGAAAGCGTGGGT","0","4","8","0","0","3","5","14","11","9","24","12","20","6","6","5","0","9","8","Bacteria","Firmicutes","Clostridia","Clostridiales",NA,NA
"GCAAGCGTTATCCGGATTTACTGGGTGTAAAGGGAGCGTAGGCGGCCTGGCAAGTCTGGTGTGAAAACCCGGGGCCCAACCCCGGGAGTGCATTGGAAACTGCCAGGCTGGAGTGCCGGAGGGGCAGGCGGAATTCCTAGTGTAGCGGTGAAATGCGTAGATATTAGGAGGAACACCGGTGGCGAAGGCGGCCTGCTGGACGGCAACTGACGCTGAGGCTCGAAAGCGTGGGG","0","0","20","0","6","7","0","15","30","15","0","9","23","0","0","0","0","0","0","Bacteria","Firmicutes","Clostridia","Clostridiales","Lachnospiraceae",NA
"GCAAGCGTTATCCGGATTTACTGGGTGTAAAGGGCGTGTAGGCGGGAGAGCAAGTCAGACGTGAAATTCCAGGGCTCAACCCTGGAACTGCGTTTGAAACTGTTCTTCTTGAGTGATGGAGAGGCAGGCGGAATTCCGTGTGTAGCGGTGAAATGCGTAGATATACGGAGGAACACCAGTGGCGAAGGCGGCCTGCTGGACATTAACTGACGCTGAGGCGCGAAAGCGTGGGG","14","0","0","0","0","0","9","0","22","14","0","0","36","15","0","0","0","0","12","Bacteria","Firmicutes","Clostridia","Clostridiales","Ruminococcaceae","Intestinimonas"
"GCAAGCGTTATCCGGATTCACTGGGTGTAAAGGGAGCGTAGACGGCGACGCAAGTCTGGAGTGAAAGCCCGGGGCCCAACCCCGGGACTGCTCTGGAAACTGCGTCGCTGGAGTACGGGAGGGGCAGGCGGAATTCCTGGTGTAGCGGTGAAATGCGTAGATATCAGGAGGAACACCGGCGGCGAAGGCGGCCTGCTGGACCGTGACTGACGTTGAGGCTCGAGAGCGTGGGG","9","17","0","0","0","0","0","0","11","0","0","0","46","0","12","11","0","12","0","Bacteria","Firmicutes","Clostridia","Clostridiales","Lachnospiraceae","Acetatifactor"
"GCAAGTGTTCTTCGGAATGACTGGGCGTAAAGGGCACGTAGGCGGTGAATCGGGTTGAAAGTGAAAGTCGCCAAAAAGTGGCGGAATGCTCTCGAAACCAATTCACTTGAGTGAGACAGAGGAGAGTGGAATTTCGTGTGTAGGGGTGAAATCCGTAGATCTACGAAGGAACGCCAAAAGCGAAGGCAGCTCTCTGGGTCCCTACCGACGCTGGGGTGCGAAAGCATGGGG","4","7","0","0","0","0","0","0","0","0","0","0","32","2","0","19","8","26","19","Bacteria",NA,NA,NA,NA,NA
"GCAAGCGTTATCCGGAATGACTGGGCGTAAAGGGTGCGTAGGTGGTTTGACAAGTTGGTAGCGTAACTCCGGGGCTCAACCTCGGCACTACTACCAAAACTGTTGGACTTGAGTGCAGGAGGGGCAAATGGAATTCCTAGTGTAGCGGTGGAATGCGTAGATATTAGGAGGAACACCAGTGGCGAAGGCGATTTGCTGGACTGTAACTGACACTGAGGCACGAAAGCGTGGGG","0","0","14","5","6","6","10","13","6","15","25","9","0","0","6","0","0","0","0","Bacteria","Firmicutes","Clostridia","Clostridiales",NA,NA
"GCAAGCGTTATCCGGATTTACTGGGTGTAAAGGGAGCGTAGACGGCGGTGCAAGCCAGATGTGAAAGCCCGGGGCTCAACCCCGGGACTGCATTTGGAACTGTGCTGCTAGAGTGTCGGAGAGGCAGGCGGAATTCCTAGTGTAGCGGTGAAATGCGTAGATATTAGGAGGAACACCAGTGGCGAAGGCGGCCTGCTGGACGATGACTGACGTTGAGGCTCGAAAGCGTGGGG","0","0","0","0","0","8","0","0","20","0","25","14","0","0","12","14","0","17","0","Bacteria","Firmicutes","Clostridia","Clostridiales","Lachnospiraceae","Dorea"
"GCAAGCGTTATCCGGATTTACTGGGTGTAAAGGGAGCGTAGACGGCTGTGCAAGTCTGAAGTGAAATGCCGGGGCCCAACCCCGGAACTGCTTTGGAAACTGTACAGCTAGAGTGCAGGAGGGGTGAGCGGAATTCCTAGTGTAGCGGTGAAATGCGTAGATATTAGGAGGAACACCGGTGGCGAAGGCGGCTCACTGGACTGTAACTGACGTTGAGGCTCGAAAGCGTGGGG","0","0","7","0","0","0","4","0","0","0","0","14","0","0","22","30","0","0","32","Bacteria","Firmicutes","Clostridia","Clostridiales","Lachnospiraceae",NA
"GCAAGCGTTATCCGGATTTACTGGGTGTAAAGGGAGCGTAGGCGGCCTGGCAAGTCTGGTGTGAAATACCGGGGCCCAACCCCGGGACTGCATTGGAAACTGCCAGGCTGGAGTGTCGGAGGGGCAGGCGGAATTCCTAGTGTAGCGGTGAAATGCGTAGATATTAGGAGGAACACCGGTGGCGAAGGCGGCCTGCTGGACGACAACTGACGCTGAGGCTCGAAAGCGTGGGG","18","0","0","0","0","0","0","8","0","0","5","0","16","0","0","23","0","12","26","Bacteria","Firmicutes","Clostridia","Clostridiales","Lachnospiraceae",NA
"GCAAGCGTTATCCGGAATTACTGGGTGTAAAGGGAGCGTAGACGGCAATGCAAGTCCGGAGTGGAATGCGGCAGCTCAACTGCCGAACTGCTCTGGAAACTGTATGGCTTGAGTGCAGGAGGGGTAAGCGGAATTCCTGGTGTAGCGGTGAAATGCGTAGATATCAGGAGGAACACCGGTGGCGAAGGCGGCTTACTGGACTGTAACTGACGTTGAGGCTCGAAAGCGTGGGG","0","8","0","0","0","0","0","0","0","0","0","0","26","5","11","29","7","11","8","Bacteria","Firmicutes","Clostridia","Clostridiales","Lachnospiraceae","Marvinbryantia"
"GCAAGCGTTATCCGGATTTACTGGGTGTAAAGGGAGCGTAGGCGGCAGGGCAAGCCTGATGTGAAAGCCCGGGGCTCAACCCCGGGACTGCATTGGGAACTGCCCTGCTGGAGTGCCGGAGGGGCAGGCGGAATTCCTAGTGTAGCGGTGAAATGCGTAGATATTAGGAGGAACACCAGTGGCGAAGGCGGCCTGCTGGACGGTGACTGACGCTGAGGCTCGAAAGCGTGGGG","0","0","0","0","0","0","0","17","0","14","0","0","20","0","0","20","0","0","33","Bacteria","Firmicutes","Clostridia","Clostridiales","Lachnospiraceae",NA
"GCAAGCGTTATCCGGATTTACTGGGTGTAAAGGGAGCGCAGGCGGTGCGGCAAGTCTGATGTGAAAGCCCGGGGCTCAACCCCGGGACTGCATTGGAAACTACCGAACTAGAGTGTCGGAGAGGTAAGTGGAATTCCTAGTGTAGCGGTGAAATGCGTAGATATTAGGAGGAACACCAGTGGCGAAGGCGGCTTACTGGACGATAACTGACGCTGAGGCTCGAAAGCGTGGGG","0","0","0","0","0","0","0","14","16","6","41","23","0","0","0","0","0","0","0","Bacteria","Firmicutes","Clostridia","Clostridiales","Lachnospiraceae","Roseburia"
"GCAAGCGTTATCCGGATTTACTGGGTGTAAAGGGAGCGTAGGTGGCATGGCAAGCCAGAAGTGAAAACCCGGGGCTTAACCCCGCGGATTGCTTTTGGAACTGTCAGGCTGGAGTGCAGGAGGGGCAGGCGGAATTCCTGGTGTAGCGGTGAAATGCGTAGATATCAGGAGGAACACCGGTGGCGAAGGCGGCCTGCTGGACTGTAACTGACACTGAGGCTCGAAAGCGTGGGG","11","6","0","0","0","0","0","0","13","7","11","9","12","0","5","8","0","9","7","Bacteria","Firmicutes","Clostridia","Clostridiales","Lachnospiraceae",NA
"GCAAGCGTTATCCGGAATTATTGGGTGTAAAGGGTGCGTAGACGGGATAACAAGTTGGTTGTGAAACCCCTCGGCTCAACTGAGGAACTGCAACCAAAACTATTATTCTTGAGTGCAGGAGAGGAAAGTGGAATTCCTAGTGTAGCGGTGAAATGCGTAGATATTAGGAAGAACACCGGTGGCGAAGGCGACTTTCTGGACTGTAACTGACGTTGAGGCACGAAAGTGTGGGG","0","0","0","11","0","12","15","11","11","11","0","9","0","0","0","0","0","11","7","Bacteria","Firmicutes","Clostridia","Clostridiales",NA,NA
"GCAAGCGTTATCCGGATTTACTGGGTGTAAAGGGCGTGTAGGCGGGACTGCAAGTCAGATGTGAAAACCACGGGCTCAACCTGTGGCCTGCATTTGAAACTGTAGTTCTTGAGTACTGGAGAGGCAGACGGAATTCCTAGTGTAGCGGTGAAATGCGTAGATATTAGGAGGAACACCAGTGGCGAAGGCGGTCTGCTGGACAGCAACTGACGCTGAGGCGCGAAAGCGTGGGG","20","24","0","0","0","0","0","0","0","0","0","0","32","0","0","0","11","10","0","Bacteria","Firmicutes","Clostridia","Clostridiales","Ruminococcaceae","Pseudoflavonifractor"
"GCAAGCGTTATCCGGATTTACTGGGTGTAAAGGGAGCGCAGGCGGCGCGTTAAGCCTGGTGTGAAAGCCCGCGGCCCAACCGCGGGACTGCATTGGGAACTGGCGCGCTGGAGTGCCGGAGGGGTAGGCGGAATTCCTAGTGTAGCGGTGAAATGCGTAGATATTAGGAGGAACACCAGTGGCGAAGGCGGCCTACTGGACGGTGACTGACGCTGAGGCTCGAAAGCGTGGGG","6","24","11","0","0","0","0","0","0","0","19","9","21","0","0","0","0","7","0","Bacteria","Firmicutes","Clostridia","Clostridiales","Lachnospiraceae",NA
"GCAAGCGTTATCCGGATTTACTGGGTGTAAAGGGAGCGTAGGTGGCAGGGCAAGTCAGATGTGAAAACCCGGGGCTCAACTCCGGGATTGCATTTGAAACTGTCCGGCTGGAGTGCAGGAGAGGTAAGTGGAATTCCTAGTGTAGCGGTGAAATGCATAGATATTAGGAGGAACACCAGTGGCGAAGGCGGCTTACTGGACTGTAACTGACACTGAGGCTCGAAAGCGTGGGG","0","0","0","0","0","0","0","0","0","0","8","0","37","22","16","11","0","0","0","Bacteria","Firmicutes","Clostridia","Clostridiales","Lachnospiraceae",NA
"GCAAGCGTTATCCGGATTTACTGGGTGTAAAGGGAGAGTAGGTGGCAGAGCAAGTCCGAAGTGAAAACCCAAAGCTCAACTATGGGAATGCTTTAGAAACTGCTCAGCTAGAGTGCAGGAGAGGCAAGTGGAATTCTTAGTGTAGCGGTGAAATGCGTAGATATTAGGAGGAACACCAGTGGCGAAGGCGGCTTGCTGGACTGTAACTGACACTGAGGCTCGAAAGCGTGGGG","10","0","4","7","6","0","6","16","13","13","9","5","3","0","0","0","0","0","0","Bacteria","Firmicutes","Clostridia","Clostridiales","Lachnospiraceae",NA
"GCAAGCGTTATCCGGATTCACTGGGCGTAAAGGGAGCGCAGGCGGCACGGCAAGTCTGGTGTGAAAGCCCGGGGCCCAACCCCGGGACTGCATTGGAAACTGCCGGGCTGGAGTGCCGGAGGGGTAAGCGGAATTCCTGGTGTAGCGGTGAAATGCGCAGATATCAGGAAGAACACCGGTGGCGGAGGCGGCTTACTGGACGGCAACTGACGCTGAGGCTCGAAAGCGTGGGG","0","0","10","0","0","0","0","12","8","9","32","19","0","0","0","0","0","0","0","Bacteria","Firmicutes","Clostridia","Clostridiales","Lachnospiraceae",NA
"GCAAGCGTTATCCGGATTTACTGGGTGTAAAGGGAGCGCAGGCGGTACGGCAAGTCTGATGTGAAAGCCCGGGGCTCAACCCCGGTACTGCATTGGAAACTGCCGGACTGGAGTGTCGGAGGGGTAAGCGGAATTCCTGGTGTAGCGGTGAAATGCGTAGATATCAGGAGGAACACCGGTGGCGAAGGCGGCTTACTGGACGATGACTGACGCTGAGGCTCGAAAGCGTGGGG","34","15","0","0","0","0","0","0","0","0","0","0","40","0","0","0","0","0","0","Bacteria","Firmicutes","Clostridia","Clostridiales","Lachnospiraceae","Roseburia"
"GCAAGCGTTATCCGGATTTACTGGGTGTAAAGGGAGCGTAGACGGATAAGCAAGTCTGATGTGAAAATCCGGGGCCCAACCCCGGAATTGCATTGGAAACTGCATATCTAGAGTGTCGGAGAGGCAAGTGGAATTCCTGGTGTAGCGGTGAAATGCGTAGATATCAGGAGGAACACCAGTGGCGAAGGCGGCTTGCTGGACGATGACTGACGTTGAGGCTCGAAAGCGTGGGG","10","7","0","0","0","0","0","0","0","0","0","0","35","12","0","0","0","9","11","Bacteria","Firmicutes","Clostridia","Clostridiales","Lachnospiraceae","Dorea"
"GCAAGCGTTATCCGGATTTACTGGGTGTAAAGGGAGCGTAGGCGGCAGGGCAAGCCTGATGTGAAAGCCCGGGGCTCAACCCCGGGACTGCATTGGGAACTGCCCCGCTCGAGTGCCGGAGGGGCAGGCGGAATTCCTAGTGTAGCGGTGAAATGCGTAGATATTAGGAGGAACACCAGTGGCGAAGGCGGCCTGCTGGACGGTGTACTGACGCTGAGGCTCGAAAGCGTGGGG","15","13","0","0","0","0","0","0","10","0","18","10","0","0","0","0","0","17","0","Bacteria","Firmicutes","Clostridia","Clostridiales","Lachnospiraceae",NA
"GCAAGCGTTATCCGGATTTACTGGGTGTAAAGGGAGCGTAGACGGCAGGGCAAGTCTGGAGTGAAAGCCCGGGGCCCAACCCCGGGACTGCTTTGGAAACTGCCATGCTGGAGTGCTGGAGAGGTAAGCGGAATTCCTAGTGTAGCGGTGAAATGCGTAGATATTAGGAGGAACACCAGTGGCGAAGGCGGCTTACTGGACAGTAACTGACGTTGAGGCTCGAAAGCGTGGGG","0","0","10","0","9","0","0","0","0","0","26","11","13","12","0","0","0","0","0","Bacteria","Firmicutes","Clostridia","Clostridiales","Lachnospiraceae","Clostridium_XlVa"
"GCGAGCGTTATCCGGATTCACTGGGCGTAAAGGGAGCGCAGGCGGCACGGCAAGTCCGGTGTGAAAGCCCGGGGCCCAACCCCGGGACTGCACTGGAAACTGCCGGGCTGGAGTGTCGGAGGGGCAGGCGGAATTCCTAGTGTAGCGGTGAAATGCGTAGATATTAGGAGGAACACCGGTGGCGAAGGCGGCCTGCTGGACGACGACTGACGCTGAGGCTCGAAAGCGTGGGG","19","18","0","0","0","0","0","7","6","0","0","0","30","0","0","0","0","0","0","Bacteria","Firmicutes","Clostridia","Clostridiales","Lachnospiraceae",NA
"GCAAGCGTTATCCGGATTTACTGGGTGTAAAGGGAGCGTAGACGGCAGTGCAAGTCTGGAGTGAAAGGCGGGGGCTCAACCCCCGGACTGCTCTGGAAACTGTACGGCTGGAGTGCAGGAGAGGTAAGTGGAATTCCTAGTGTAGCGGTGAAATGCGTAGATATTAGGAGGAACACCAGTGGCGAAGGCGGCTTACTGGACTGTAACTGACGTTGAGGCTCGAAAGCGTGGGG","0","0","0","0","0","0","0","0","0","24","43","12","0","0","0","0","0","0","0","Bacteria","Firmicutes","Clostridia","Clostridiales","Lachnospiraceae","Clostridium_XlVa"
"GCGAGCGTTATCCGGATTTACTGGGTGTAAAGGGAGCGTAGACGGCCATGCAAGCTCGGTGTGAAAGGTGCGGGCACAACCCGCAGACTGCACTGAGAACTGTATGGCTGGAGTGCCGGAGGGGCAGGCGGAATTCCTGGTGTAGCGGTGAAATGCGTAGATATCAGGAGGAACACCGGTGGCGAAGGCGGCCTGCTGGACGGCGACTGACGTTGAGGCTCGAAAGCGTGGGG","0","0","0","0","0","0","3","0","0","0","0","0","0","5","0","19","17","14","14","Bacteria","Firmicutes","Clostridia","Clostridiales","Lachnospiraceae","Marvinbryantia"
"GCAAGCGTTATCCGGATTTACTGGGTGTAAAGGGAGCGTAGACGGCTAATCAAGTCAGAAGTGAAAACCCAGGGCTCAACCTTGGGACTGCTTTTGAAACTGAGTAGCTAGAGTGCAGGAGAGGTAAGCGGAATTCCTAGTGTAGCGGTGAAATGCGTAGATATTAGGAGGAACACCAGTGGCGAAGGCGGCTTACTGGACTGTAACTGACGTTGAGGCTCGAAAGCGTGGGG","0","0","0","0","0","0","0","12","13","11","12","7","0","0","0","14","0","0","0","Bacteria","Firmicutes","Clostridia","Clostridiales","Lachnospiraceae",NA
"GCGAGCGTTATCCGGATTTACTGGGTGTAAAGGGAGCGCAGGCGGCGTGGCAAGTCAGATGTGAAAACCCGGGGCCCAACCCCGGGACTGCATTTGAAACTGCCATGCTGGAGTGCCGGAGAGGCAAGTGGAATTCCTAGTGTAGCGGTGAAATGCGTAGATATTAGGAGGAACACCAGTGGCGAAGGCGGCTTGCTGGACGGTAACTGACGCTGAGGCTCGAAAGCGTGGGG","0","0","0","0","0","0","0","0","0","0","0","0","65","0","0","0","0","0","0","Bacteria","Firmicutes","Clostridia","Clostridiales","Lachnospiraceae",NA
"GCAAGCGTTATCCGGAATTACTGGGTGTAAAGGGAGAGTAGGCGGCAAGGTAAGCGATATGTGAAAGCCTTAGGCTTAACCAAAGGATTGCATAACGAACTATCTAGCTAGAGTACAGGAGAGGAAAGCGGAATTCCTAGTGTAGCGGTGAAATGCGTAGATATTAGGAAGAACACCAGTGGCGAAGGCGGCTTTCTGGACTGAAACTGACGCTGAGGCTCGAAAGCGTGGGG","17","10","0","0","0","0","0","0","0","0","0","0","19","9","0","9","0","0","0","Bacteria","Firmicutes","Clostridia","Clostridiales","Lachnospiraceae","Clostridium_XlVb"
"GCAAGCGTTATCCGGAATCACTGGGTGTAAAGGGAGCGTAGACGGCTGAGCAAGCCTGAAGTGAAAGGCGGGGGCCCAACCCCCGGACTGCTTTGGGAACTGTACGGCTGGAGTGCAGGAGAGGTAAGTGGAATTCCTAGTGTAGCGGTGAAATGCGTAGATATTAGGAGGAACACCAGTGGCGAAGGCGGCTTACTGGACTGTAACTGACGTTGAGGCTCGAAAGCGTGGGG","0","0","13","0","0","0","0","0","0","0","0","0","13","0","0","0","0","17","21","Bacteria","Firmicutes","Clostridia","Clostridiales","Lachnospiraceae",NA
"GCAAGCGTTGTCCGGAATTACTGGGTGTAAAGGGAGCGTAGGCGGGGATGCAAGTTGGGTGTCAAAACTACCGGCTCAACCGATAGTCGCACTCAAAACTGCAGCTCTTGAGTGAAGTAGAGGCAGGCGGAATTCCTAGTGTAGCGGTGAAATGCGTAGATATTAGGAGGAACACCAGTGGCGAAGGCGGCCTGCTGGGCTTTTACTGACGCTGAGGCTCGAAAGTGTGGGG","0","31","0","0","0","0","0","0","0","0","0","0","32","0","0","0","0","0","0","Bacteria","Firmicutes","Clostridia","Clostridiales","Ruminococcaceae","Hydrogenoanaerobacterium"
"GCAAGCGTTATCCGGATTTACTGGGTGTAAAGGGAGCGTAGACGGCATAGCAAGTCTGATGTGAAAGATCGGGGCTCAACCCCGGGCCTGCATTGGAAACTGTTAAGCTGGAGTACAGGAGAGGTAAGCGGAATTCCTAGTGTAGCGGTGAAATGCGTAGATATTAGGAGGAACACCAGTGGCGAAGGCGGCTTACTGGACTGTAACTGACGTTGAGGCTCGAAAGCGTGGGG","0","0","6","0","0","4","0","0","0","11","17","0","0","0","0","0","0","10","15","Bacteria","Firmicutes","Clostridia","Clostridiales","Lachnospiraceae",NA
"GCGAGCGTTATCCGGATTTACTGGGTGTAAAGGGAGCGCAGGCGGCGTGGCAAGTCAGATGTGAAAACCCGGGGCCCAACCCCGGGACTGCATTTGAAACTGCCATGCTGGAGTGCCGGAGAGGTAAGTGGAATTCCTAGTGTAGCGGTGAAATGCGTAGATATTAGGAGGAACACCAGTGGCGAAGGCGGCTTACTGGACGGTAACTGACGCTGAGGCTCGAAAGCGTGGGG","7","0","6","0","0","0","0","0","0","0","0","0","40","0","9","0","0","0","0","Bacteria","Firmicutes","Clostridia","Clostridiales","Lachnospiraceae",NA
"GCGAGCGTTATCCGGATTTATTGGGCGTAAAGCGTGCGCAGGCGGTTTGTTAGGTCTAAAATTAAAGTCCGAAGCTTAACTTCGGTTCGTTTTAGAAACCGGCAGGCTTGAGTATGGTAGAGGCAAACGGAATTTCTAGTGTAGCGGTAAAATGCGTAGATATTAGAAGGAACACCAGTGGCGAAGGCGGTTTGCTGGGCCATTACTGACGCTCATGCACGAAAGCGTGGGG","0","0","0","3","10","0","17","0","14","11","3","0","0","0","0","0","0","0","0","Bacteria","Proteobacteria",NA,NA,NA,NA
"GCGAGCGTTATCCGGATTTATTGGGTTTAAAGGGTGCGTAGGCGGTTTGTCAAGTCAGCGGTAAAAATTCCGGGCTCAACCCGGTCCCGCCGTTGAAACTGGCGAACTCGAGAGGGAGAGAAGTAGGCGGAATGCGCAGTGTAGCGGTGAAATGCATAGATATTGCGCAGAACTCCGATTGCGAAGGCAGCCTACCGGCTCCTATCTGACGCTGAGGCACGAAAGCGTGGGT","57","0","0","0","0","0","0","0","0","0","0","0","0","0","0","0","0","0","0","Bacteria","Bacteroidetes","Bacteroidia","Bacteroidales","Porphyromonadaceae",NA
"GCAAGCGTTATCCGGAATGACTGGGTGTAAAGGGAGCGTAGACGGTTGTACAAGTCTGATGTGAAAGCCCACGGCTCAACTGTGGGAGTGCATTGGAAACTGTAGAACTAGAGTATCGGAGAGGCAAGTGGAATTCCTAGTGTAGCGGTGAAATGCGTAGATATTAGGAGGAACACCAGTGGCGAAGGCGGCTTGCTGGACGAAAACTGACGTTGAGGCTCGAAAGCGTGGGG","0","7","0","0","0","0","0","0","0","0","10","0","7","0","8","0","0","16","9","Bacteria","Firmicutes","Clostridia","Clostridiales","Lachnospiraceae",NA
"GCAAGCGTTAATCGGAATTACTGGGCGTAAAGCGCGCGTAGGTGGTTTGTTAAGTTGGATGTGAAATCCCCGGGCTCAACCTGGGAACTGCATTCAAAACTGACTGACTAGAGTATGGTAGAGGGTGGTGGAATTTCCTGTGTAGCGGTGAAATGCGTAGATATAGGAAGGAACACCAGTGGCGAAGGCGACCACCTGGACTAATACTGACACTGAGGTGCGAAAGCGTGGGG","8","7","0","0","0","0","3","0","0","5","0","0","14","0","2","5","0","5","6","Bacteria","Proteobacteria","Gammaproteobacteria","Pseudomonadales","Pseudomonadaceae","Pseudomonas"
"GCGAGCGTTATCCGGATTCATTGGGCGTAAAGCGCGCGTAGGCGGCCGCCTAAGCGGAACCTCTAACCCCGGGGCTCAACCTCGGGCCGGGTTCCGGACTGGGCGGCTCGAGTGCGGTAGAGGAGAGCGGAATTCCCGGTGTAGCGGTGGAATGCGCAGATATCGGGAAGAACACCGATGGCGAAGGCAGCTCTCTGGGCCGTCACTGACGCTGAGGCGCGAAAGCTGGGGG","0","3","0","0","0","0","0","0","0","9","14","7","10","4","4","0","2","2","0","Bacteria","Actinobacteria","Actinobacteria","Coriobacteriales","Coriobacteriaceae","Enterorhabdus"
"GCAAGCGTTATCCGGATTTACTGGGTGTAAAGGGAGCGTAGACGGTTAATCAAGTCAGAAGTGAAAACCCAGGGCTCAACCTTGGGACTGCTTTTGAAACTGAGTAGCTAGAGTGCAGGAGAGGTAAGCGGAATTCCTAGTGTAGCGGTGAAATGCGTAGATATTAGGAGGAACACCAGTGGCGAAGGCGGCTTACTGGACTGTAACTGACGTTGAGGCTCGAAAGCGTGGGG","16","0","0","0","0","0","0","0","0","0","0","0","14","0","0","0","0","11","13","Bacteria","Firmicutes","Clostridia","Clostridiales","Lachnospiraceae",NA
"GCGAGCGTTATCCGGATTCACTGGGTGTAAAGGGAGCGTAGACGGCCATGCAAGCCAGGGGTGAAAGCCCGGGGCCCAACCCCGGGACTGCCCTTGGAACTGCATGGCTGGAGTGCGGGAGGGGCAGGCGGAATTCCTGGTGTAGCGGTGAAATGCGTAGATATCAGGAGGAACACCGGCGGCGAAGGCGGCCTGCTGGACCGCGACTGACGTTGAGGCTCGAAAGCGTGGGG","0","26","0","0","0","0","8","0","0","0","0","0","18","0","0","0","0","0","0","Bacteria","Firmicutes","Clostridia","Clostridiales","Lachnospiraceae","Acetatifactor"
"GCAAGCGTTATCCGGATTTACTGGGTGTAAAGGGAGCGTAGGCGGTTTAGCAAGTCAGAAGTGAAAGCCCGGGGCTCAACTCCGGGACTGCTTTTGAAACTGTTGAACTAGATTGCAGGAGAGGTAAGTGGAATTCCTAGTGTAGCGGTGAAATGCGTAGATATTAGGAGGAACACCAGTGGCGAAGGCGGCTTACTGGACTGTAAATGACGCTGAGGCTCGAAAGCGTGGGG","20","7","0","0","0","0","0","0","0","0","0","0","10","0","7","0","0","0","7","Bacteria","Firmicutes","Clostridia","Clostridiales","Lachnospiraceae",NA
"GCAAGCGTTGTCCGGAATTATTGGGCGTAAAGAGTACGTAGGCGGTCTGTTAAGCGCAAGGTGAAAGGCATAGGCTCAACCAATGTGAGCCTTGCGAACTGGCAGACTTGAGTGCAGGAGAGGAAAGCGGAATTCCTAGTGTAGCGGTGAAATGCGTAGATATTAGGAGGAACACCGGTGGCGAAGGCGGCTTTCTGGACTGAAACTGACGCTGAGGTACGAAAGCGTGGGG","0","9","0","0","0","0","3","0","4","4","7","0","10","0","4","4","0","0","5","Bacteria","Firmicutes","Clostridia","Clostridiales",NA,NA
"GCAAGCGTTATCCGGATTTACTGGGTGTAAAGGGAGCGTAGACGGCGAAGAAAGTCTGAAGTGAAAGCCCGCGGCTTAACCGCGGAACTGCTTTGGAAACTTTTTTGCTGGAGTACCGGAGAGGTAAGCGGAATTCCTAGTGTAGCGGTGAAATGCGTAGATATTAGGAGGAACACCAGTGGCGAAGGCGGCTTACTGGACGGTAACTGACGTTGAGGCTCGAAAGCGTGGGG","0","0","0","0","0","0","0","0","9","0","26","15","0","0","0","0","0","0","0","Bacteria","Firmicutes","Clostridia","Clostridiales","Lachnospiraceae",NA
"GCAAGCGTTATCCGGATTTACTGGGTGTAAAGGGAGCGTAGACGGCAGGGCAAGCCAGAAGTGAAAACGCAGAGCTTAACTTTGCGACTGCTTTTGGAACTGCCCAGCTAGAGTACAGGAGAGGTAAGTGGAATTCCTAGTGTAGCGGTGAAATGCGTAGATATTAGGAGGAACACCAGTGGCGAAGGCGGCTTACTGGACTGAGACTGACGTTGAGGCTCGAAAGCGTGGGG","0","3","0","0","0","0","0","0","0","0","0","0","8","0","9","9","0","0","19","Bacteria","Firmicutes","Clostridia","Clostridiales","Lachnospiraceae",NA
"GCAAGCGTTGTCCGGAATGACTGGGCGTAAAGGGAGTGTAGGCGGCTCATCAAGTTAGATGTGAAATCCCGCGGCTTAACCGCGGAACTGCATCTAAAACTGGTAAGCTGGAGTGCAGGAGAGGTGAGTGGAATTCCTAGTGTAGCGGTGGAATGCGTAGATATTAGGAGGAACACCAGAGGCGAAGGCGACTCACTGGACTGTAACTGACGCTGAGGCTCGAAAGCGTGGGG","19","6","0","0","0","0","0","0","7","0","0","0","6","0","0","0","0","0","7","Bacteria","Firmicutes","Clostridia","Clostridiales",NA,NA
"GCAAGCGTTGTCCGGAATTACTGGGCGTAAAGGGTGCGTAGGCGGCGCAGTTAGTCAGAAGTGAAATATCGGGGCTTAACCCCGGGGCTGCTTCTGATACTGCTGTGCTCGAGTGCAGGAGAGGTAAGTGGAATTCCTAGTGTAGCGGTGAAATGCGTAGATATTAGGAGGAACACCAGTGGCGAAGGCGACTTACTGGACTGTAACTGACGCTGAGGCACGAAAGCGTGGGT","7","0","0","4","0","0","5","0","5","4","6","6","5","0","0","0","0","3","0","Bacteria","Firmicutes","Clostridia","Clostridiales",NA,NA
"GCAAGCGTTATCCGGATTTACTGGGTGTAAAGGGAGCGCAGGCGGTACGGCAAGTCTGATGTGAAAGCCCAGGGCTCAACCCTGGTACTGCATTGGAAACTGCCGGACTAGAGTGTCGGAGGGGTAAGTGGAATTCCTAGTGTAGCGGTGAAATGCGTAGATATTAGGAGGAACACCAGTGGCGAAGGCGGCTTACTGGACGATGACTGACGCTGAGGCTCGAAAGCGTGGGG","0","0","0","0","7","0","0","0","0","14","24","0","0","0","0","0","0","0","0","Bacteria","Firmicutes","Clostridia","Clostridiales","Lachnospiraceae","Roseburia"
"GCAAGCGTTATCCGGATTTACTGGGTGTAAAGGGAGCGTAGACGGCTGTACAAGTCTGAAGTGAAAGCCCGTGGCTCAACCGCGGAACTGCTTTGGAAACTGTAAAGCTGGAGTACTGGAGAGGCAGGCGGAATTCCTAGTGTAGCGGTGAAATGCGTAGATATTAGGAGGAACACCAGTGGCGAAGGCGGCCTGCTGGACAGAAACTGACGTTGAGGCTCGAAAGCGTGGGG","0","0","0","0","0","0","0","0","0","0","26","0","18","0","0","0","0","0","0","Bacteria","Firmicutes","Clostridia","Clostridiales","Lachnospiraceae",NA
"GCGAGCGTTATCCGGATTCACTGGGTGTAAAGGGAGCGTAGACGGCCATGCAAGCCAGGGGTGAAAGCCCGGGGCCCAACCCCGGGACTGCCCTTGGAACTGCATGGCTGGAGTGCGGGAGGGGCAGGCGGAATTCCTGGTGTAGCGGTGAAATGCGTAGATATCAGGAGGAACACCGGCGGCGAAGGCGGCCTGCTGGACTGCGACTGACGTTGAGGCTCGAAAGCGTGGGG","0","0","0","0","0","0","0","0","0","0","0","0","0","0","0","0","0","0","44","Bacteria","Firmicutes","Clostridia","Clostridiales","Lachnospiraceae","Acetatifactor"
"GCAAGCGTTATCCGGATTTACTGGGTGTAAAGGGAGCGTAGACGGCAGCGCAAGTCCGAAGTGAAAGCCCGGGGCCCAACCCCGGGACTGCTTTGGAAACTGTGAAGCTGGAGTGCGGGAGGGGCAGGCGGAATTCCTGGTGTAGCGGTGAAATGCGTAGATATCAGGAGGAACACCGGCGGCGAAGGCGGCCTGCTGGACCGTAACTGACGTTGAGGCTCGAAAGCGTGGGG","5","0","0","0","0","0","0","0","0","0","0","0","9","0","0","13","0","9","7","Bacteria","Firmicutes","Clostridia","Clostridiales","Lachnospiraceae","Acetatifactor"
"GCAAGCGTTATCCGGATTTACTGGGTGTAAAGGGAGCGCAGGCGGCACGGCAAGCCTGATGTGAAAGCCCGCGGCCCAACCGCGGGACTGCATTGGGAACTACCGGGCTGGAGTGCCGGAGAGGTAGGCGGAATTCCTAGTGTAGCGGTGAAATGCGTAGATATTAGGAGGAACACCAGTGGCGAAGGCGGCCTACTGGACGGTGACTGACGCTGAGGCTCGAAAGCGTGGGG","9","0","0","0","0","0","7","5","0","0","12","9","0","0","0","0","0","0","0","Bacteria","Firmicutes","Clostridia","Clostridiales","Lachnospiraceae",NA
"GCAAGCGTTGTCCGGATTTACTGGGTGTAAAGGGCGTGCAGCCGGAGAGACAAGTCAGATGTGAAATCCGCAGGCTCAACCTGCGAACTGCATTTGAAACTGTTTCCCTTGAGTATCGGAGAGGTCATCGGAATTCCTAGTGTAGCGGTGAAATGCGTAGATATTAGGAAGAACACCAGTGGCGAAGGCGGATGACTGGACGACAACTGACGGTGAGGCGCGAAAGCGTGGGG","10","6","0","0","0","0","0","11","0","0","0","0","8","0","0","5","0","0","0","Bacteria","Firmicutes","Clostridia","Clostridiales","Ruminococcaceae","Oscillibacter"
"GCGAGCGTTATCCGGATTTACTGGGTGTAAAGGGAGCGTAGACGGCTGGTCAAGTCTGAAGTGAAAGCCCGGGGCTTAACCCCGGAACGGCTTTGGAAACTGAGCAGCTAGAGTGCTGGAGAGGTAAGCGGAATTCCTAGTGTAGCGGTGAAATGCGTAGATATTAGGAGGAACACCAGTGGCGAAGGCGGCTTACTGGACAGTAACTGACGTTGAGGCTCGAAAGCGTGGGG","0","0","0","0","4","0","0","0","0","0","15","0","20","0","0","0","0","0","0","Bacteria","Firmicutes","Clostridia","Clostridiales","Lachnospiraceae",NA
"GCAAGCGTTATCCGGATTTACTGGGTGTAAAGGGAGCGCAGACGGCTGTGCAAGTCTGGAGTGAAAGGCGGGGGCCCAACCCCTGGACTGCTCTGGAAACTGTAAAGCTGGAGTGCAGGAGAGGTAAGCGGAATTCCTAGTGTAGCGGTGAAATGCGTAGATATTAGGAGGAACACCAGTGGCGAAGGCGGCTTACTGGACTGCAACTGACGTTGAGGCTCGAAAGCGTGGGG","0","0","0","0","0","0","0","0","0","0","0","0","38","0","0","0","0","0","0","Bacteria","Firmicutes","Clostridia","Clostridiales","Lachnospiraceae",NA
"GCAAGCGTTATCCGGATTTACTGGGTGTAAAGGGAGCGTAGGCGGTGCGCCAAGCTGGGTGTGAAAGGCCGGGGCTCAACCCCGGGACTGCACTCGGAACTGGCGTGCTAGAGTGTTGGAGAGGTAAGCGGAATTCCTAGTGTAGCGGTGAAATGCGTAGATATTAGGAGGAACACCAGTGGCGAAGGCGGCTTACTGGACAATAACTGACGCTGAGGCTCGAAAGCGTGGGG","0","3","0","0","0","0","0","0","0","0","0","0","20","0","0","4","0","0","10","Bacteria","Firmicutes","Clostridia","Clostridiales","Lachnospiraceae",NA
"GCAAGCGTTATCCGGATTTACTGGGTGTAAAGGGAGCGTAGACGGCAGTGCAAGTCCGGAGTGAAAGCCCGGGGCTCAACCCTGGGACTGCTCTGGAAACTGTAAAGCTGGAGTGCGGGAGGGGCAGGCGGAATTCCTGGTGTAGCGGTGAAATGCGTAGATATCAGGAGGAACACCGGCGGCGAAGGCGGCCTGCTGGACCGTAACTGACGTTGAGGCTCGAAAGCGTGGGG","0","0","0","0","0","0","0","10","15","0","12","0","0","0","0","0","0","0","0","Bacteria","Firmicutes","Clostridia","Clostridiales","Lachnospiraceae","Acetatifactor"
"GCAAGCGTTGTCCGGAATTACTGGGTGTAAAGGGAGCGTAGGCGGGAAGCCAAGTCAGCTGTGAAAACTACGGGCTTAACCTGTAGACTGCAGTTGAAACTGGCTTTCTTGAGTGAAGTAGAGGTTGGCGGAATTCCGAGTGTAGCGGTGAAATGCGTAGATATTCGGAGGAACACCGGTGGCGAAGGCGGCCAACTGGGCTTTAACTGACGCTGAGGCTCGAAAGTGTGGGG","21","0","0","0","0","0","0","0","0","11","4","0","0","0","0","0","0","0","0","Bacteria","Firmicutes","Clostridia","Clostridiales","Ruminococcaceae",NA
"GCAAGCGTTATCCGGATTTACTGGGTGTAAAGGGAGCGTAGACGGCAGCGCAAGCCTGGAGTGAAAGGATGGGGCCCAACCCCATGACTGCTCTGGGAACTGTGCGGCTAGAGTGCCGGAGGGGTAAGCGGAATTCCTAGTGTAGCGGTGAAATGCGTAGATATTAGGAGGAACACCAGTGGCGAAGGCGGCTTACTGGACGGTAACTGACGTTGAGGCTCGAAAGCGTGGGG","0","0","0","0","0","0","4","0","6","16","9","0","0","0","0","0","0","0","0","Bacteria","Firmicutes","Clostridia","Clostridiales","Lachnospiraceae",NA
"GCGAGCGTTATCCGGATTTACTGGGTGTAAAGGGAGCGTAGACGGCTGGGCAAGCCTGATGTGAAAGGCGGGGGCGCAACCCTCGGACTGCATTGGGAACTGTCCGGCTGGAGCGCCGGAGGGGTAAGCGGAATTCCTGGTGTAGCGGTGAAATGCGTAGATATCAGGAGGAACACCGGTGGCGAAGGCGGCTTACTGGACGGCGACTGACGTTGATGCTCGAAAGCGTGGGG","0","0","0","0","0","0","3","0","5","9","8","6","0","0","0","0","0","3","0","Bacteria","Firmicutes","Clostridia","Clostridiales","Lachnospiraceae",NA
"GCGAGCGTTATCCGGAATTATTGGGTGTAAAGGGTGCGTAGACGGGAAAACAAGTTAGTTGTGAAATCCCTCGGCTTAACTGAGGAACTGCAACTAAAACTATTTTTCTTGAGTGCAGGAGAGGTAAGTGGAATTCCTAGTGTAGCGGTGAAATGCGTAGATATTAGGAGGAACACCAGTGGCGAAGGCGACTTACTGGACTGTAACTGACGTTGAGGCACGAAAGTGTGGGG","0","0","0","0","0","0","0","0","13","0","7","0","0","11","3","0","0","0","0","Bacteria","Firmicutes","Clostridia","Clostridiales",NA,NA
"GCAAGCGTTATCCGGATTTACTGGGTGTAAAGGGAGCGTAGGCGGCGATGCAAGTCAGAAGTGAAAGCCCGGGGCTCAACTCCGGGACTGCTTTTGAAACTGTGTTGCTAGATTGCAGGAGAGGTAAGTGGAATTCCTAGTGTAGCGGTGAAATGCGTAGATATTAGGAGGAACACCAGTGGCGAAGGCGGCTTACTGGACTGTAAATGACGCTGAGGCTCGAAAGCGTGGGG","0","0","0","0","0","0","0","0","9","5","0","0","8","0","0","0","0","0","9","Bacteria","Firmicutes","Clostridia","Clostridiales","Lachnospiraceae","Clostridium_XlVa"
"GCAAGCGTTATCCGGAATGACTGGGCGTAAAGGGTGCGTAGGTGGTTTGACAAGTTGGTAGCGTAACTCCGAGGCTTAACCTCGGCACTACTACCAAAACTGTTGGACTCGAGTGCAGGAGGGGCAAATGGAATTCCTAGTGTAGCGGTGGAATGCGTAGATATTAGGAGGAACACCAGTGGCGAAGGCGATTTGCTGGACTGTAACTGACACTGAGGCACGAAAGCGTGGGG","14","0","0","0","0","0","0","0","0","0","0","0","0","0","0","0","0","4","12","Bacteria","Firmicutes","Clostridia","Clostridiales",NA,NA
"GCAAGCGTTATCCGGATTTACTGGGTGTAAAGGGAGCGTAGACGGCCAGACAAGTCAGAAGTGAAAGCCCAGGGCTCAACCCTGGGACTGCTTTTGAAACTGCCGGGCTGGAGTGCAGGAGAGGTAAGCGGAATTCCTAGTGTAGCGGTGAAATGCGTAGATATTAGGAGGAACACCAGTGGCGAAGGCGGCTTACTGGACTGTAACTGACGTTGAGGCTCGAAAGCGTGGGG","0","0","0","0","0","0","0","5","12","7","6","0","0","0","0","0","0","0","0","Bacteria","Firmicutes","Clostridia","Clostridiales","Lachnospiraceae","Clostridium_XlVa"
"GCAAGCGTTATCCGGATTTACTGGGTGTAAAGGGAGCGTAGACGGCTAAGCAAGTCTGAAGTGAAAGCCCGGGGCTTAACCCCGGGACTGCTTTGGAAACTGTTAAGCTAGAGTGCTGGAGAGGTAAGTGGAATTCCTAGTGTAGCGGTGAAATGCGTAGATATTAGGAGGAACACCAGTGGCGAAGGCGGCTTACTGGACAGTAACTGACGTTGAGGCTCGAAAGCGTGGGG","9","0","0","0","0","0","0","0","0","0","20","0","0","0","0","0","0","0","0","Bacteria","Firmicutes","Clostridia","Clostridiales","Lachnospiraceae",NA
"GCAAGCGTTATCCGGATTTACTGGGTGTAAAGGGAGCGTAGACGGCAATGCAAGCCAGATGTGAAAACCCGCAGCTCAACTGGGGGAGTGCATTTGGAACTGTGTAGCTAGAGTGCAGGAGAGGTAAGCGGAATTCCTGGTGTAGCGGTGAAATGCGTAGATATCAGGAGGAACACCAGTGGCGAAGGCGGCTTACTGGACTGTAACTGACGTTGAGGCTCGAAAGCGTGGGG","0","29","0","0","0","0","0","0","0","0","0","0","0","0","0","0","0","0","0","Bacteria","Firmicutes","Clostridia","Clostridiales","Lachnospiraceae","Eisenbergiella"
"GCAAGCGTTGTCCGGATTTACTGGGTGTAAAGGGCGTGTAGCCGGGCTGACAAGTCAGATGTGAAATTCCGGGGCTCAACCCCGGACCTGCATTTGAAACTGTTGGTCTTGAGTATCGGAGAGGCAGGCGGAATTCCTAGTGTAGCGGTGAAATGCGTAGATATTAGGAGGAACACCAGTGGCGAAGGCGGCCTGCTGGACGACAACTGACGGTGAGGCGCGAAAGCGTGGGG","0","0","0","0","0","0","0","0","0","0","0","0","21","0","0","8","0","0","0","Bacteria","Firmicutes","Clostridia","Clostridiales","Ruminococcaceae","Sporobacter"
"GCAAGCGTTATCCGGATTTACTGGGTGTAAAGGGTGAGTAGGCGGTTCGGCAAGTCATATGTGAAATACCTGGGCTCAACCCAGGAACCGCATAAGAAACTGTCGGACTTGAGTACAGGAGAGGTAAGCGGAATTCCCAGTGTAGCGGTGAAATGCGTAGATATTGGGAAGAACACCGGTGGCGAAGGCGGCTTACTGGACTGAAACTGACGCTGAGTCACGAAAGCGTGGGG","11","0","0","0","0","0","0","0","0","0","0","0","0","0","0","7","0","0","10","Bacteria","Firmicutes","Clostridia","Clostridiales","Lachnospiraceae","Clostridium_XlVb"
"GCAAGCGTTATCCGGATTTACTGGGTGTAAAGGGAGCGTAGGCGGCAAGGTAAGCCAGAAGTGAAAGCCCGCGGCTCAACTGCGGGACTGCTTTTGGAACTATCTAGCTAGATTGCAGGAGAGGTAAGTGGAATTCCTAGTGTAGCGGTGAAATGCGTAGATATTAGGAGGAACACCAGTGGCGAAGGCGGCTTACTGGACTGTAAATGACGCTGAGGCTCGAAAGCGTGGGG","0","0","0","0","0","0","0","0","7","0","0","0","0","0","0","8","0","0","10","Bacteria","Firmicutes","Clostridia","Clostridiales","Lachnospiraceae",NA
"GCAAGCGTTATCCGGATTCACTGGGTGTAAAGGGAGCGTAGACGGCGACGCAAGTCTGGAGTGAAAGCCCGGGGCCCAACCCCGGGACTGCTCTGGAAACTGCGGCGCTGGAGTACGGGAGGGGCAGGCGGAATTCCTGGTGTAGCGGTGAAATGCGTAGATATCAGGAGGAACACCGGCGGCGAAGGCGGCCTGCTGGACCGTGACTGACGTTGAGGCTCGAGAGCGTGGGG","0","0","0","0","0","0","0","0","0","0","0","23","0","0","0","0","0","0","0","Bacteria","Firmicutes","Clostridia","Clostridiales","Lachnospiraceae","Acetatifactor"
"GCGAGCGTTATCCGGATTTACTGGGTGTAAAGGGCGTGTAGGCGGGATGGCAAGTCAGGCGTGAAAACTATGGGCTCAACCCATAGCCTGCGTTTGAAACTGTCGTTCTTGAGTGATGGAGAGGCAAGCGGAATTCCGTGTGTAGCGGTGAAATGCGTAGATATACGGAGGAACACCAGTGGCGAAGGCGGCTTGCTGGACATTAACTGACGCTGAGGCGCGAAAGCGTGGGG","6","0","0","0","0","0","0","0","0","9","0","0","0","7","0","0","0","0","0","Bacteria","Firmicutes","Clostridia","Clostridiales","Ruminococcaceae","Intestinimonas"
"GCAAGCGTTAATCGGAATTACTGGGCGTAAAGCGCACGCAGGCGGTTTGTTAAGTCAGATGTGAAATCCCCGGGCTCAACCTGGGAACTGCATCTGATACTGGCAAGCTTGAGTCTCGTAGAGGGGGGTAGAATTCCAGGTGTAGCGGTGAAATGCGTAGAGATCTGGAGGAATACCGGTGGCGAAGGCGGCCCCCTGGACGAAGACTGACGCTCAGGTGCGAAAGCGTGGGG","0","2","0","0","0","0","0","0","5","0","0","0","6","0","4","0","2","3","0","Bacteria","Proteobacteria","Gammaproteobacteria","Enterobacteriales","Enterobacteriaceae","Escherichia/Shigella"
"GCAAGCGTTATCCGGATTTACTGGGTGTAAAGGGAGCGTAGACGGCTGTGCAAGCCAGATGTGAAAGCCCGGGGCTCAACCCCGGGACTGCATTTGGAACTGTGTGGCTGGAGTGTCGGAGAGGCAGGCGGAATTCCTAGTGTAGCGGTGAAATGCGTAGATATTAGGAGGAACACCAGTGGCGAAGGCGGCCTGCTGGACGATGACTGACGTTGAGGCTCGAAAGCGTGGGG","9","0","0","0","0","0","0","0","0","0","0","0","12","0","0","0","0","0","0","Bacteria","Firmicutes","Clostridia","Clostridiales","Lachnospiraceae","Dorea"
"GCAAGCGTTGTCCGGAATTACTGGGTGTAAAGGGAGCGTAGGCGGGAGGATAAGTTGAATGTGAAATCTATGGGCTCAACCCATAGCTGCGTTCAAAACTGTTCTTCTTGAGTGAAGTAGAGGCAGGCGGAATTCCTAGTGTAGCGGTGAAATGCGTAGATATTAGGAGGAACACCAGTGGCGAAGGCGGCCTGCTGGGCTTTTACTGACGCTGAGGCTCGAAAGCGTGGGT","0","5","0","0","0","0","0","0","0","0","0","0","16","0","0","0","0","0","0","Bacteria","Firmicutes","Clostridia","Clostridiales","Ruminococcaceae",NA
"GCGAGCGTTATCCGGATTCACTGGGTGTAAAGGGAGCGTAGACGGCCAAGCAAGCCAGGGGTGAAAGCCCGGGGCCCAACCCCGGGACTGCCCTTGGAACTGCATGGCTGGAGTGCGGGAGGGGCAGGCGGAATTCCTGGTGTAGCGGTGAAATGCGTAGATATCAGGAGGAACACCGGCGGCGAAGGCGGCCTGCTGGACCGCGACTGACGTTGAGGCTCGAAAGCGTGGGG","0","0","0","0","0","0","0","21","0","0","0","0","0","0","0","0","0","0","0","Bacteria","Firmicutes","Clostridia","Clostridiales","Lachnospiraceae","Acetatifactor"
"GCAAGCGTTATCCGGATTCACTGGGTGTAAAGGGAGCGTAGACGGCGAGACAAGTCTGGAGTGAAAGGCCGGGGCCCAACCCCGGGACTGCTCTGGAAACTGCCTGGCTGGAGTACAGGAGAGGTAAGTGGAATTCCTAGTGTAGCGGTGAAATGCGTAGATATTAGGAGGAACACCAGTGGCGAAGGCGGCTTACTGGACTGTAACTGACGTTGAGGCTCGAAAGCGTGGGG","0","0","0","0","0","0","0","6","0","6","9","0","0","0","0","0","0","0","0","Bacteria","Firmicutes","Clostridia","Clostridiales","Lachnospiraceae",NA
"GCAAGCGTTATCCGGATTTACTGGGTGTAAAGGGAGCGTAGACGGCATTGCAAGTCCGGAGTGAAAGCCCACGGCCCAACCGTGGGACTGCTCTGGAAACTGTAGAGCTGGAGTGCGGGAGGGGCAGGCGGAATTCCTAGTGTAGCGGTGAAATGCGTAGATATTAGGAGGAACACCGGCGGCGAAGGCGGCCTGCTGGACCGTAACTGACGTTGAGGCTCGAAAGCGTGGGG","0","0","0","0","0","0","0","0","0","0","0","0","5","0","0","0","0","0","16","Bacteria","Firmicutes","Clostridia","Clostridiales","Lachnospiraceae","Acetatifactor"
"GCAAGCGTTGTCCGGAATTACTGGGTGTAAAGGGAGCGTAGGCGGGAAAGCAAGTTGAATGTTTAAGGTACGGGCTCAACCTGTACAAGCGTTCAAAACTGTTTTTCTTGAGTGGAGTAGAGGTAAGCGGAATTCCTAGTGTAGCGGTGAAATGCGTAAATATTAGGAGGAACACCAGTGGCGAAGGCGGCTTACTGGGCTTTAACTGACGCTGAGGCTCGAAAGCGTGGGT","3","0","0","0","0","0","0","0","0","0","5","0","3","0","0","9","0","0","0","Bacteria","Firmicutes","Clostridia","Clostridiales","Ruminococcaceae",NA
"GCAAGCGTTATCCGGATTTACTGGGTGTAAAGGGAGCGTAGGCGGCGCGTTAAGTCTGATGTGAAAACCCGAGGCTCAACCACGGGAGTGCATTGGAAACTGGCGAGCTGGAGTGCCGGAGAGGTAAGCGGAATTCCTAGTGTAGCGGTGAAATGCGTAGATATTAGGAGGAACACCAGTGGCGAAGGCGGCTTACTGGACGGCAACTGACGCTGAGGCTCGAAAGCGTGGGG","0","11","0","0","0","0","0","0","0","0","0","0","0","0","0","0","0","9","0","Bacteria","Firmicutes","Clostridia","Clostridiales","Lachnospiraceae",NA
"GCAAGCGTTATCCGGATTTACTGGGTGTAAAGGGGGCGCAGACGGCAATGCAAGCCAGGAGTGAAAGCCCGGGGCCCAACCCCGGGACTGCTCTTGGAACTGCATGGCTGGAGTACAGGAGGGGCAGGCGGAATTCCTAGTGTAGCGGTGAAATGCGTAGATATTAGGAGGAACACCGGTGGCGAAGGCGGCCTGCTGGACTGTGACTGACGTTGAGGCCCGAAGGCGTGGGG","0","0","0","0","0","0","0","0","9","0","0","0","6","0","0","0","0","0","5","Bacteria","Firmicutes","Clostridia","Clostridiales","Lachnospiraceae","Stomatobaculum"
"GCAAGCGTTATCCGGATTTACTGGGTGTAAAGGGAGCGTAGACGGCGGCGCAAGCCAGATGTGAAAGCCCGGGGCTCAACCCCGGGACTGCATTTGGAACTGTGCTGCTAGAGTGTCGGAGAGGCAGGCGGAATTCCTAGTGTAGCGGTGAAATGCGTAGATATTAGGAGGAACACCAGTGGCGAAGGCGGCCTGCTGGACGATGACTGACGTTGAGGCTCGAAAGCGTGGGG","0","0","0","0","0","0","0","0","0","0","0","0","0","0","0","0","0","0","20","Bacteria","Firmicutes","Clostridia","Clostridiales","Lachnospiraceae","Dorea"
"GCGAGCGTTGTCCGGAATTACTGGGTGTAAAGGGAGCGTAGGCGGGATTGCAAGTTGGATGTGAAAACTGCGGGCTCAACCCGGAGAGTGCATTCAAAACTGCGATTCTTGAGTGAAGTAGAGGCAAGCGGAATTCCTAGTGTAGCGGTGAAATGCGTAGATATTAGGAGGAACACCAGTGGCGAAGGCGGCTTGCTGGGCTTTTACTGACGCTGAGGCTCGAAAGTGTGGGG","5","0","3","0","0","0","0","0","0","4","6","0","0","0","0","0","0","0","0","Bacteria","Firmicutes","Clostridia","Clostridiales","Ruminococcaceae",NA
"GCGAGCGTTATCCGGAATTACTGGGTGTAAAGGGAGCGTAGACGGCGAGGTAAGCCTGAAGTGGAAGCCCGCGGCCCAACCGCGGAACTGCTTTGGGAACTGTTTTGCTGGAGTATGGGAGGGGTAAGCGGAATTCCTGGTGTAGCGGTGAAATGCGTAGATATCAGGAGGAACACCGGTGGCGAAGGCGGCTTACTGGACCATAACTGACGTTGAGGCTCGAAAGCGTGGGG","0","3","0","0","0","0","0","3","0","0","0","0","0","0","0","4","0","3","5","Bacteria","Firmicutes","Clostridia","Clostridiales","Lachnospiraceae",NA
"GCAAGCGTTATCCGGAATGATTGGGCGTAAAGCGTCTGTAGGTGGCTTTTTAAGTTCGCCGTCAAATCCCAGGGCTCAACCCTGGACAGGCGGTGGAAACTACCAAGCTGGAGTACGGTAGGGGCAGAGGGAATTTCCGGTGGAGCGGTGAAATGCGTAGAGATCGGAAAGAACACCAACGGCGAAAGCACTCTGCTGGGCCGACACTGACACTGAGAGACGAAAGCTAGGGG","0","0","0","5","0","0","0","0","0","0","0","0","0","0","0","0","0","13","0","Bacteria","Cyanobacteria/Chloroplast","Chloroplast","Chloroplast","Streptophyta",NA
"GCAAGCGTTATCCGGATTTATTGGGTGTAAAGGGCGTGTAGGCGGGAAAGCAAGTCAGATGTGAAAACTCAGGGCTCAACCCTGAGCCTGCATTTGAAACTGTTTTTCTTGAGTGCTGGAGAGGCAATCGGAATTCCGTGTGTAGCGGTGAAATGCGTAGATATACGGAGGAACACCAGTGGCGAAGGCGGATTGCTGGACAGTAACTGACGCTGAGGCGCGAAAGCGTGGGG","0","0","0","0","0","0","0","0","6","0","0","0","12","0","0","0","0","0","0","Bacteria","Firmicutes","Clostridia","Clostridiales","Ruminococcaceae","Flavonifractor"
"GCAAGCGTTATCCGGATTTACTGGGTGTAAAGGGCGTGTAGGCGGGCATGCAAGCCAGAAGTGAAATCTGGGGGCTTAACCCCCAAACTGCTTTTGGAACTGCGTGTCTTGAGTGATGGAGAGGCAGGCGGAATTCCCAGTGTAGCGGTGAAATGCGTAGATATTGGGAGGAACACCAGTGGCGAAGGCGGCCTGCTGGACATTAACTGACGCTGAGGCGCGAAAGCGTGGGG","0","0","0","0","0","0","0","0","0","0","0","0","9","0","0","0","0","0","9","Bacteria","Firmicutes","Clostridia","Clostridiales","Ruminococcaceae","Butyricicoccus"
"TCAAGCGTTGTTCGGAATCACTGGGCGTAAAGCGTGCGTAGGCTGTTTCGTAAGTCGTGTGTGAAAGGCGCGGGCTCAACCCGCGGACGGCACATGATACTGCGAGACTAGAGTAATGGAGGGGGAACCGGAATTCTCGGTGTAGCAGTGAAATGCGTAGATATCGAGAGGAACACTCGTGGCGAAGGCGGGTTCCTGGACATTAACTGACGCTGAGGCACGAAGGCCAGGGG","10","0","0","0","0","0","0","0","0","0","0","0","7","0","0","0","0","0","0","Bacteria","Verrucomicrobia","Verrucomicrobiae","Verrucomicrobiales","Verrucomicrobiaceae","Akkermansia"
"GCGAGCGTTATCCGGATTCATTGGGCGTAAAGCGCGCGTAGGCGGCCGCCTAAGCGGGACCTCTAACCCCGGGGCTCAACCCCGGGCCGGGTCCCGGACTGGGCGGCTCGAGTGCGGTAGAGGAGAGCGGAATTCCCGGTGTAGCGGTGGAATGCGCAGATATCGGGAAGAACACCGATGGCGAAGGCAGCTCTCTGGGCCGTCACTGACGCTGAGGCGCGAAAGCTGGGGG","3","0","0","0","0","0","4","0","10","0","0","0","0","0","0","0","0","0","0","Bacteria","Actinobacteria","Actinobacteria","Coriobacteriales","Coriobacteriaceae","Enterorhabdus"
"GCAAGCGTTATCCGGATTTACTGGGTGTAAAGGGAGCGTAGACGGCGATGCAAGCCAGATGTGAAAGCCCGCGGCTCAACTGCGGTAGTGCATTTGGAACTGTATGGCTGGAGTGCAGGAGAGGCAGGCGGAATTCCTAGTGTAGCGGTGAAATGCGTAGATATTAGGAGGAACACCAGTGGCGAAGGCGGCCTGCTGGACTGTAACTGACGTTGAGGCTCGAAAGCGTGGGG","0","0","0","0","0","0","0","0","0","0","0","0","10","0","7","0","0","0","0","Bacteria","Firmicutes","Clostridia","Clostridiales","Lachnospiraceae",NA
"GCAAGCGTTATCCGGATTCACTGGGTGTAAAGGGAGCGTAGACGGCGACGCAAGTCTGGAGTGAAAGCCCGGGGCCCAACCCCGGGACTGCTCTGGAAACTGCGCCGCTGGAGTACGGGAGGGGCAGGCGGAATTCCTGGTGTAGCGGTGAAATGCGTAGATATCAGGAGGAACACCGGCGGCGAAGGCGGCCTGCTGGACCGTGACTGACGTTGAGGCTCGAGAGCGTGGGG","0","0","0","0","0","0","0","0","0","0","0","0","0","0","0","0","0","0","17","Bacteria","Firmicutes","Clostridia","Clostridiales","Lachnospiraceae","Acetatifactor"
"GCAAGCGTTATCCGGATTTATTGGGTGTAAAGGGTGCGTAGATGGATAAACAAGTTGTTTGTGAAATACCTCGGCTCAACTGAGGAACTGCAAGCAAAACTGTATATCTTGAGTACTGGAGGGGAAAGCGGAATTCCTAGTGTAGCGGTGAAATGCGTAGATATTAGGAAGAACACCGGTGGCGAAGGCGGCTTTCTGGACAGAAACTGACATTGAGGCACGAAAGTGTGGGG","0","0","0","0","0","0","0","0","12","4","0","0","0","0","0","0","0","0","0","Bacteria","Firmicutes","Clostridia","Clostridiales",NA,NA
"GCAAGCGTTGTTCGGAATAACTGGGCGTAAAGGATGCGTAGGCGGTTAAACAAGTTATATGTTAAATATATAGGCTTAACCTGTAGAAAGCATATAAAACTGTTTAACTAGAGTGCAGGAGAGGTAAGTGGAATTCCTAGTGTAGCGGTGAAATGCGTAGAGATTAGGAAGAACACCAGTGGCGAAGGCGACTTACTGGACTGTAACTGACGCTGAGGCATGAGAGCATGGGG","0","0","0","5","0","0","0","0","3","5","2","0","0","0","0","0","0","0","0","Bacteria","Firmicutes","Clostridia","Clostridiales",NA,NA
"GCGAGCGTTGTCCGGAATTACTGGGTGTAAAGGGAGCGTAGGCGGGACTGCAAGTTGGGTGTCAAATCTACCGGCTCAACCGGTAGCCGCACTCAAAACTGCAGTTCTTGAGTGAAGTAGAGGCAGGCGGAATTCCTAGTGTAGCGGTGAAATGCGTAGATATTAGGAGGAACACCAGTGGCGAAGGCGGCCTGCTGGGCTTTTACTGACGCTGAGGCTCGAAAGTGTGGGG","14","0","0","0","0","0","0","0","0","0","0","0","0","0","0","0","0","0","0","Bacteria","Firmicutes","Clostridia","Clostridiales","Ruminococcaceae","Hydrogenoanaerobacterium"
"GCAAGCGTTATCCGGATTTACTGGGTGTAAAGGGAGCGCAGGCGGTTCTGCAAGTCTGATGTGAAAGCCCGGGGCTCAACCGCGGGACTGCATTGGAAACTGCGGGACTGGAGTGTCGGAGGGGTAAGCGGAATTCCTGGTGTAGCGGTGAAATGCGTAGATATCAGGAGGAACACCGGTGGCGAAGGCGGCTTACTGGACGATGACTGACGCTGAGGCTCGAAAGCGTGGGG","0","0","0","0","0","0","0","0","0","0","8","6","0","0","0","0","0","0","0","Bacteria","Firmicutes","Clostridia","Clostridiales","Lachnospiraceae","Shuttleworthia"
"GCAAGCGTTATCCGGATTTACTGGGTGTAAAGGGAGCGTAGGCGGTAAGGCAAGTCTGATGTGAAAGGCCAGGGCTCAACCCTGGGACTGCATTGGAAACTGTTTAACTGGAGTGTCGGAGAGGCAAGTGGAATTCCTAGTGTAGCGGTGAAATGCGTAGATATTAGGAGGAACACCAGTGGCGAAGGCGGCTTGCTGGACGATGACTGACGCTGAGGCTCGAAAGCGTGGGG","0","0","0","0","0","0","0","0","0","0","0","0","10","0","0","0","0","4","0","Bacteria","Firmicutes","Clostridia","Clostridiales","Lachnospiraceae",NA
"GCAAGCGTTATCCGGATTTACTGGGTGTAAAGGGAGCGTAGGTGGCGTGCCAAGTCAGGAGTGAAAACCCAGGGCCCAACTCTGGGACTGCTCTTGAAACTGGCAGGCTTGAGTGCTGGAGAGGTAAGCGGAATTCCTAGTGTAGCGGTGAAATGCGTAGATATTAGGAGGAACACCAGTGGCGAAGGCGGCTTACTGGACAGTGACTGACACTGAGGCTCGAAAGCGTGGGG","0","0","0","0","0","0","0","0","0","0","0","0","0","0","0","5","0","3","6","Bacteria","Firmicutes","Clostridia","Clostridiales",NA,NA
"GCAAGCGTTATCCGGAATTACTGGGTGTAAAGGGAGAGTAGGCGGCAAGGTAAGCGATATGTGAAAGCCTTAAGCTTAACTTAAGGATGGCATAACGAACTATCTAGCTAGAGTACAGGAGAGGAAAGCGGAATTCCTAGTGTAGCGGTGAAATGCGTAGATATTAGGAAGAACACCAGTGGCGAAGGCGGCTTTCTGGACTGAAACTGACGCTGAGGCTCGAAAGCGTGGGG","0","0","0","0","0","0","0","0","0","0","0","0","0","0","0","0","5","9","0","Bacteria","Firmicutes","Clostridia","Clostridiales","Lachnospiraceae","Clostridium_XlVb"
"GCGAGCGTTGTCCGGAATTACTGGGTGTAAAGGGAGCGTAGGCGGGCTTGTAAGTTGAATGTCTAATCCACCGGCTCAACCGGTGATCGCGTTCAAAACTGCAGGTCTTGAGTGAAGTAGAGGCAGGCGGAATTCCTAGTGTAGCGGTGAAATGCGTAGATATTAGGAGGAACACCAGTGGCGAAGGCGGCCTGCTGGGCTTTAACTGACGCTGAGGCTCGAAAGCGTGGGG","0","0","0","0","0","0","0","0","0","0","0","0","0","0","0","0","0","7","7","Bacteria","Firmicutes","Clostridia","Clostridiales","Ruminococcaceae",NA
"GCAAGCGTTATCCGGATTTACTGGGTGTAAAGGGCGTGTAGGCGGGACTGCAAGTCAGATGTGAAACCCATGGGCTCAACCCATGGCCTGCATTTGAAACTGTAGTTCTTGAGTGATGGAGAGGCAGGCGGAATTCCGTGTGTAGCGGTGAAATGCGTAGATATACGGAGGAACACCAGTGGCGAAGGCGGCCTGCTGGACATTAACTGACGCTGAGGCGCGAAAGCGTGGGG","6","0","0","0","0","0","0","0","0","0","0","0","7","0","0","0","0","0","0","Bacteria","Firmicutes","Clostridia","Clostridiales","Ruminococcaceae","Intestinimonas"
"CCGAGCGTTATCCGGATTTATTGGGCGTAAAGCGAGCGCAGGCGGTTGGATAAGTCTGAAGTTAAAGGCTGTGGCTCAACCATAGTATGCTTTGGAAACTGTTCAACTTGAGTGCAGAAGGGGAGAGTGGAATTCCATGTGTAGCGGTGGAATGCGTAGATATATGGAGGAACACCGGTGGCGAAAGCGGCTCTCTGGTCTGTAACTGACGCTGAGGCTCGAAAGCGTGGGT","0","6","0","0","0","0","0","0","0","0","0","0","0","7","0","0","0","0","0","Bacteria","Firmicutes","Bacilli","Lactobacillales","Streptococcaceae","Streptococcus"
"GCGAGCGTTGTCCGGAATGACTGGGCGTAAAGGGAGTGTAGGCGGCTCTTTAAGTTATATGTGAAATCCCGCGGCTTAACCGTGGAAGTGCATATAAAACTGGGGAGCTGGAGTGCAGGAGAGGTGAGTGGAATTCCTAGTGTAGCGGTGGAATGCGTAGATATTAGGAAGAACACCGGTGGCGAAGGCGGCTCACTGGACTGTAACTGACGCTGAGGCTCGAAAGCGTGGGG","12","0","0","0","0","0","0","0","0","0","0","0","0","0","0","0","0","0","0","Bacteria","Firmicutes","Clostridia","Clostridiales",NA,NA
"GCGAGCGTTATCCGGATTCATTGGGCGTAAAGCGCGCGCAGGCGGACTCATAAGCGGAGCCTTTAATCTTGGGGCTTAACCTCAAGTCGGGCCCCGAACTGTGAGTCTCGAGTGTGGTAGGGGAAGGCGGAATTCCCGGTGTAGCGGTGGAATGCGCAGATATCGGGAAGAACACCGATGGCGAAGGCAGCCTTCTGGGCCATCACTGACGCTGAGGCGCGAAAGCTAGGGG","0","0","0","0","0","0","0","2","3","0","2","0","0","0","0","2","0","0","3","Bacteria","Actinobacteria","Actinobacteria","Coriobacteriales","Coriobacteriaceae",NA
"GCAAGCGTTATCCGGATTTACTGGGTGTAAAGGGAGCGTAGGCGGCAAGGTAAGCCAGAAGTGAAAGCCCGTGGCTCAACTGCGGGACTGCTTTTGGAACTATCTAGCTAGATTGCAGGAGAGGTAAGTGGAATTCCTAGTGTAGCGGTGAAATGCGTAGATATTAGGAGGAACACCAGTGGCGAAGGCGGCTTACTGGACTGTAAATGACGCTGAGGCTCGAAAGCGTGGGG","0","0","0","0","0","0","5","6","0","0","0","0","0","0","0","0","0","0","0","Bacteria","Firmicutes","Clostridia","Clostridiales","Lachnospiraceae",NA
"GCAAGCGTTATCCGGATTTACTGGGTGTAAAGGGAGCGTAGGCGGTTCAGCAAGTCAGAAGTGAAAGCCCGGGGCTCAACTCCGGGACTGCTTTTGAAACTGTTGAACTAGATTGCAGGAGAGGTAAGTGGAATTCCTAGTGTAGCGGTGAAATGCGTAGATATTAGGAGGAACACCAGTGGCGAAGGCGGCTTACTGGACTGTAAATGACGCTGAGGCTCGAAAGCGTGGGG","0","0","0","0","0","0","0","11","0","0","0","0","0","0","0","0","0","0","0","Bacteria","Firmicutes","Clostridia","Clostridiales","Lachnospiraceae",NA
"GCAAGCGTTATCCGGAATGATTGGGCGTAAAGCGTCTGTAGGTGGCTTTTCAAGTCCGCCGTCAAATCCCAGGGCTCAACCCTGGACAGGCGGTGGAAACTACCAAGCTGGAGTACGGTAGGGGCAGAGGGAATTTCCGGTGGAGCGGTGAAATGCATTGAGATCGGAAAGAACACCAACGGCGAAAGCACTCTGCTGGGCCGACACTGACACTGAGAGACGAAAGCTAGGGG","0","0","0","0","0","0","0","0","0","0","0","0","5","0","0","0","0","0","6","Bacteria","Cyanobacteria/Chloroplast","Chloroplast","Chloroplast","Streptophyta",NA
"GCAAGCGTTATCCGGATTTACTGGGTGTAAAGGGAGCGTAGACGGCTAATCAAGTCAGAAGTGAAAACCCAGGGCTCAACTTTGGGACTGCTTTTGAAACTGAGTAGCTAGAGTGCAGGAGAGGTAAGCGGAATTCCTAGTGTAGCGGTGAAATGCGTAGATATTAGGAGGAACACCAGTGGCGAAGGCGGCTTACTGGACTGTAACTGACGTTGAGGCTCGAAAGCGTGGGG","0","9","0","0","0","0","0","0","0","0","0","0","0","0","0","0","0","0","0","Bacteria","Firmicutes","Clostridia","Clostridiales","Lachnospiraceae","Clostridium_XlVa"
"GCAAGCGTTATCCGGATTTACTGGGTGTAAAGGGAGCGTAGACGGAATAGCAAGTCTGATGTGAAAACCCGGGGCTCAACTCCGGGAGTGCATTGGAAACTGTTGATCTAGAGTGTCGGAGAGGCAAGCGGAATTCCTAGTGTAGCGGTGAAATGCGTAGATATTAGGAGGAACACCAGTGGCGAAGGCGGCTTGCTGGACGATGACTGACGTTGAGGCTCGAAAGCGTGGGG","0","0","0","0","0","0","0","0","0","0","9","0","0","0","0","0","0","0","0","Bacteria","Firmicutes","Clostridia","Clostridiales","Lachnospiraceae",NA
"GCAAGCGTTATCCGGATTTACTGGGTGTAAAGGGAGCGTAGGCGGCAGTGCAAGTCAGAAGTGAAAGCCCGGGGCTCAACTCCGGGACTGCTTTTGAAACTGTACAGCTTGATTGCAGGAGAGGCAAGTGGAATTCCTAGTGTAGCGGTGAAATGCGTAGATATTAGGAGGAACACCAGTGGCGAAGGCGGCTTGCTGGACTGTAAATGACGCTGAGGCTCGAAAGCGTGGGG","0","0","0","0","0","0","0","0","0","0","0","0","4","0","5","0","0","0","0","Bacteria","Firmicutes","Clostridia","Clostridiales","Lachnospiraceae",NA
"GCGAGCGTTATCCGGATTTACTGGGTGTAAAGGGAGCGTAGACGGCTGGTCAAGTCTGAAGTGAAAGCCCGGGGCTTAACCCCGGAACGGTTTTGGAAACTGAGCAGCTAGAGTGCTGGAGAGGTAAGCGGAATTCCTAGTGTAGCGGTGAAATGCGTAGATATTAGGAGGAACACCAGTGGCGGAGGCGGCTTACTGGACAGTAACTGACGTTGAGGCTCGAAAGCGTGGGG","0","0","0","0","0","0","0","0","0","0","0","0","0","0","0","0","0","0","9","Bacteria","Firmicutes","Clostridia","Clostridiales","Lachnospiraceae",NA
"GCGAGCGTTATCCGGAATTATTGGGCGTAAAGAGGGAGCAGGCGGCAGCTAAGGTCTGCGGTGAAAGCCCGAAGCTAAACTTCGGTAAGCCGTGGAAACCGAGCAGCTAGAGTGCAGTAGAGGATCGTGGAATTCCATGTGTAGCGGTGAAATGCGTAGATATATGGAGGAACACCAGTGGCGAAGGCGACGATCTGGGCTGCAACTGACGCTCAGTCCCGAAAGCGTGGGG","0","0","0","2","0","0","0","0","4","2","0","0","0","0","0","0","0","0","0","Bacteria","Firmicutes","Erysipelotrichia","Erysipelotrichales","Erysipelotrichaceae","Coprobacillus"
"GCAAGCGTTGTCCGGATTTACTGGGCGTAAAGGGAGCGTAGGTGGATATTTAAGTGGGATGTGAAATACTCGGGCTTAACCTGGGTGCTGCATTCCAAACTGGATATCTAGAGTGCAGGAGAGGAAAGTAGAATTCCTAGTGTAGCGGTGAAATGCGTAGAGATTAGGAAGAATACCAGTGGCGAAGGCGACTTTCTGGACTGTAACTGACACTGAGGCTCGAAAGCGTGGGG","0","0","0","0","3","0","5","0","0","0","0","0","0","0","0","0","0","0","0","Bacteria","Firmicutes","Clostridia","Clostridiales","Clostridiaceae_1","Clostridium_sensu_stricto"
"GCAAGCGTTATCCGGATTTACTGGGTGTAAAGGGAGCGTAGACGGCTGCGCAAGTCTGAAGTGAAAGCCCGGGGCTCAACCCCGGGACTGCTTTGGAAACTGTGTAGCTAGAGTGCTGGAGAGGCAAGCGGAATTCCTAGTGTAGCGGTGAAATGCGTAGATATTAGGAAGAACACCAGTGGCGAAGGCGGCTTGCTGGACAGTAACTGACGTTGAGGCTCGAAAGCGTGGGG","0","0","0","0","0","0","0","0","0","0","8","0","0","0","0","0","0","0","0","Bacteria","Firmicutes","Clostridia","Clostridiales","Lachnospiraceae",NA
"GCAAGCGTTATCCGGATTTATTGGGTGTAAAGGGTGCGTAGACGGGAATTTAAGTTAGTTGTGAAATCCCTCGGCTTAACTGAGGAACTGCAACTAAAACTGAATTTCTTGAGTGCGGGAGAGGAAAGTGGAATTCCTAGTGTAGCGGTGAAATGCGTAGATATTAGGAGGAACACCAGTGGCGAAGGCGACTTTCTGGACCGTAACTGACGTTGAGGCACGAAAGTGTGGGG","0","0","0","0","0","0","0","0","0","0","0","0","0","0","0","0","0","0","8","Bacteria","Firmicutes","Clostridia","Clostridiales",NA,NA
"GCAAGCGTTGTCCGGATTTACTGGGTGTAAAGGGCGTGTAGGCGGAGCTGCAAGTCAGATGTGAAATCCCGGGGCTCAACCCCGGAACTGCATTTGAAACTGTAGCCCTTGAGTATCGGAGAGGCAGGCGGAATTCCTAGTGTAGCGGTGAAATGCGTAGATATTAGGAGGAACACCAGTGGCGAAGGCGGCCTGCTGGACGACAACTGACGCTGAGGCGCGAAAGCGTGGGG","0","0","0","0","0","0","7","0","0","0","0","0","0","0","0","0","0","0","0","Bacteria","Firmicutes","Clostridia","Clostridiales","Ruminococcaceae","Sporobacter"
"CCGAGCGTTGTCCGGATTTATTGGGCGTAAAGCGAGCGCAGGCGGTTTGATAAGTCTGAAGTTAAAGGCTGTGGCTCAACCATAGTTCGCTTTGGAAACTGTCAAACTTGAGTGCAGAAGGGGAGAGTGGAATTCCATGTGTAGCGGTGAAATGCGTAGATATATGGAGGAACACCGGTGGCGAAAGCGGCTCTCTGGTCTGTAACTGACGCTGAGGCTCGAAAGCGTGGGG","0","0","0","0","0","0","0","0","0","0","0","0","7","0","0","0","0","0","0","Bacteria","Firmicutes","Bacilli","Lactobacillales","Streptococcaceae","Streptococcus"
"GCGAGCGTTAATCGGAATTACTGGGCGTAAAGCGGGCGCAGACGGTTACTTAAGCAGGATGTGAAATCCCCGGGCTCAACCCGGGAACTGCGTTCTGAACTGGGTGACTCGAGTGTGTCAGAGGGAGGTAGAATTCCACGTGTAGCAGTGAAATGCGTAGAGATGTGGAGGAATACCGATGGCGAAGGCAGCCTCCTGGGACAACACTGACGTTCATGCCCGAAAGCGTGGGT","0","0","0","0","0","2","4","0","0","0","0","0","0","0","0","0","0","0","0","Bacteria","Proteobacteria","Betaproteobacteria","Neisseriales","Neisseriaceae","Neisseria"
"GCAAGCGTTATCCGGATTTACTGGGTGTAAAGGGAGCGTAGGTGGCATGGTAAGCCAGAAGTGAAAACCCGGGGCTCAACCCCGCGGATTGCTTTTGGAACTATCAGGCTGGAGTGCTGGAGGGGTAAGCGGAATTCCTAGTGTAGCGGTGAAATGCGTAGATATTAGGAGGAACACCGGTGGCGAAGGCGGCTTACTGGACAGAAACTGACACTGAGGCTCGAAAGCGTGGGG","0","0","0","0","0","0","0","0","6","0","0","0","0","0","0","0","0","0","0","Bacteria","Firmicutes","Clostridia","Clostridiales","Lachnospiraceae",NA
"GCAAGCGTTGTCCGGATTTACTGGGTGTAAAGGGCGTGCAGCCGGGAAGACAAGTCAGATGTGAAATCCCGCGGCTCAACCGCGGAACTGCATTTGAAACTGTTTTTCTTGAGTATCGGAGAGGTAATCGGAATTCCTAGTGTAGCGGTGAAATGCGTAGATATTAGGAAGAACACCAGTGGCGAAGGCGGATTACTGGACGACAACTGACGGTGAGGCGCGAAAGCGTGGGG","0","5","0","0","0","0","0","0","0","0","0","0","0","0","0","0","0","0","0","Bacteria","Firmicutes","Clostridia","Clostridiales","Ruminococcaceae","Oscillibacter"
"GCGAGCGTTAATCGGATTTACTGGGCGTAAAGCGTGCGTAGGCGGCTTATTAAGTCGGATGTGAAATCCCCGAGCTTAACTTGGGAATTGCATTCGATACTGGTGAGCTAGAGTATGGGAGAGGATGGTAGAATTCCAGGTGTAGCGGTGAAATGCGTAGAGATCTGGAGGAATACCGATGGCGAAGGCAGCCATCTGGCCTAATACTGACGCTGAGGTACGAAAGCATGGGG","0","0","0","0","0","0","5","0","0","0","0","0","0","0","0","0","0","0","0","Bacteria","Proteobacteria","Gammaproteobacteria","Pseudomonadales","Moraxellaceae","Acinetobacter"
"GCAAGCGTTATCCGGATTTACTGGGTGTAAAGGGTGCGTAGGTGGCAGGGCAAGTCAGATGTGAAAGCCCGGGGCTCAACCCCGGTACTGCATTTGAAACTGTCCAGCTGGAGTGCAGGAGAGGTAAGCGGAATTCCTAGTGTAGCGGTGAAATGCGTAGATATTAGGAGGAACACCAGTGGCGAAGGCGGCTTACTGGACTGTAACTGACACTGAGGCACGAAAGCGTGGGG","0","0","0","0","0","0","0","0","0","0","5","0","0","0","0","0","0","0","0","Bacteria","Firmicutes","Clostridia","Clostridiales","Lachnospiraceae",NA
"GCAAGCGTTATCCGGATTTACTGGGTGTAAAGGGAGCGCAGGCGGCCTTGCAAGTCTGATGTGAAATACCGGGGCTCAACCCCGGAGCTGCATTGGAAACTGTGAGGCTGGAGTGTCGGAGAGGCAGGCGGAATTCCTAGTGTAGCGGTGAAATGCGTAGATATTAGGAGGAACACCAGTGGCGAAGGCGGCCTGCTGGACGATGACTGACGCTGAGGCTCGAAAGCGTGGGG","0","0","0","0","0","0","0","0","0","0","0","0","5","0","0","0","0","0","0","Bacteria","Firmicutes","Clostridia","Clostridiales","Lachnospiraceae",NA
"GCAAGCGTTATCCGGAATGATTGGGCGTAAAGCGTCTGTAGGTGGCTTTTTAAGTCCGCCGTCAAATCCCAGGGCTCAACCCTGGACAGGCGGTGGAAACTACCAAGCTGGAGTACGGTAGGGGCAGAGGGAATTTCCGGTGGAGCGGTGAAATGCGTAGAGATCGGAAAGAACACCAACGGCGAAAGCACTCTGCTGGGCCGACACTGACACTGAGAGACGAAAGCTAGGGG","0","0","0","0","0","0","0","0","0","0","0","0","0","5","0","0","0","0","0","Bacteria","Cyanobacteria/Chloroplast","Chloroplast","Chloroplast","Streptophyta",NA
"GCAAGCGTTATCCGGATTTACTGGGTGTAAAGGGAGCGCAGGCGGCATGGCAAGTCAGATGTGAAAGCCCGGGGCTCAACCCCGGGACTGCATTTGAAACTGTCAGGCTAGAGTGCAGGAGAGGCAGGCGGAATTCCTAGTGTAGCGGTGAAATGCGTAGATATTAGGAGGAACACCAGTGGCGAAGGCGGCCTGCTGGACTGTAACTGACGCTGAGGCTCGAAAGCGTGGGG","0","0","0","0","0","0","0","0","0","0","0","0","0","0","0","0","0","0","5","Bacteria","Firmicutes","Clostridia","Clostridiales","Lachnospiraceae",NA
"GCAAGCGTTATCCGGATTTACTGGGTGTAAAGGGAGCGTAGACGGCTGTGCAAGTCTGAAGTGAAAGGCCGGGGCCCAACCCCGGGAGTGCTTTGGAAACTGTGCGGCTAGAGTGTCGGAGAGGCAAGTGGAATTCCCAGTGTAGCGGTGAAATGCGTAGATATTGGGAGGAACACCAGTGGCGAAGGCGTCTTGCTGGACGATGACTGACGTTGAGGCTCGAAAGCGTGGGG","4","0","0","0","0","0","0","0","0","0","0","0","0","0","0","0","0","0","0","Bacteria","Firmicutes","Clostridia","Clostridiales","Lachnospiraceae","Dorea"
"GCAAGCGTTATCCGGAATGACTGGGCGTAAAGGGTGCGTAGGTGGTTTGGCAAGTTGGTAGCGTAATCCCGGGGCTCAACCTCGGTGCTACTACCAAAACTGTTGAACTTGAGTGCAGGAGGGGTGAATGGAATTCCCAGTGTAGCGGTGGAATGCGTAGATATTGGGAAGAACACCAGCGGCGAAGGCGATTCACTGGACTGTAACTGACACTGAGGCACGAAAGCGTGGGG","4","0","0","0","0","0","0","0","0","0","0","0","0","0","0","0","0","0","0","Bacteria","Firmicutes","Clostridia","Clostridiales",NA,NA
"GCGAGCGTTGTCCGGAATGACTGGGCGTAAAGGGAGTGTAGGCGGCCTTTTAAGTTATGTGTGAAAGCCCACGGCTCAACTGTGGAATTGCACATAAAACTGGGAGGCTGGAGTGCAGGAGAGGTAAGCGGAATTTCCAGTGTAGCGGTGGAATGCGTAGATATTGGGAAGAACACCGGAGGCGAAGGCGGCTTACTGGACTGTAACTGACGCTGAGGCTCGAAAGCGTGGGG","4","0","0","0","0","0","0","0","0","0","0","0","0","0","0","0","0","0","0","Bacteria","Firmicutes","Clostridia","Clostridiales",NA,NA
"GCGAGCGTTGTCCGGAATTACTGGGTGTAAAGGGAGCGTAGGCGGGGATGCAAGTTGGATGTTTAAACTATCGGCTCAACCGGTAATTGCAACCAAAACTGCAACTCTTGAGTGAAGTAGAGGCAGGCGGAATTCCTAGTGTAGCGGTGAAATGCGTAGATATTAGGAGGAACACCAGTGGCGAAGGCGGCCTGCTGGGCTTTAACTGACGCTGAGGCTCGAAAGCGTGGGG","0","4","0","0","0","0","0","0","0","0","0","0","0","0","0","0","0","0","0","Bacteria","Firmicutes","Clostridia","Clostridiales","Ruminococcaceae","Anaerotruncus"
"GCGAGCGTTATCCGGATTTATTGGGTGTAAAGGGTGCGTAGACGGGGAATTAAGTTAGTTGTGAAATCCCAAGGCTCAACTTTGGAACTGCAACTAAAACTAATTTTCTTGAGTACTGGAGAGGAAAGTGGAATTCCTAGTGTAGCGGTGAAATGCGTAGATATTAGGAGGAACACCAGTGGCGAAGGCGACTTTCTGGACAGAAACTGACGTTGAGGCACGAAAGTGTGGGG","0","0","4","0","0","0","0","0","0","0","0","0","0","0","0","0","0","0","0","Bacteria","Firmicutes","Clostridia","Clostridiales",NA,NA
"GCGAGCGTTATCCGGATTTATTGGGCGTAAAGCGTGCGCAGGCGGTTTGTTAAGTCTAAAATCAAAGCCCGAAGCTTAACTTCGGTTCGTTTTAGAAACTGGCAGGCTTGAGTATGGTAGAGGCAAACGGAATTTCTAGTGTAGCGGTAAAATGCGTAGATATTAGAAGGAACACCAGTGGCGAAGGCGGTTTGCTGGGCCATTACTGACGCTCATGCACGAAAGCGTGGGG","0","0","0","0","0","0","0","0","0","0","0","4","0","0","0","0","0","0","0","Bacteria",NA,NA,NA,NA,NA
"GCAAGCGTTATCCGGAATGACTGGGCGTAAAGGGTGCGTAGGTGGTTTGGCAAGTTAGTAGCGTAATTCCGGGGCTCAACTTCGGAACTACTACTAAAACTGCTGGGCTTGAGTGCAGGAGGGGCATATGGAATTCCTAGTGTAGCGGTGGAATGCGTAGATATTAGGAGGAACACCAGTGGCGAAGGCGATATGCTGGACTGTAACTGACACTGAGGCACGAAAGCGTGGGG","0","0","0","0","0","0","0","0","0","0","0","0","4","0","0","0","0","0","0","Bacteria","Firmicutes","Clostridia","Clostridiales",NA,NA
"GCGAGCGTTATCCGGATTTATTGGGTGTAAAGGGTGCGTAGACGGGAAATTAAGTTAGTTGTGAAATCCCTCGGCTCAACCGAGGAACTGCAACTAAAACTGATATTCTTGAGTACTGGAGAGGAAAGTGGAATTCCTAGTGTAGCGGTGAAATGCGTAGATATTAGGAGGAACACCAGTGGCGAAGGCGACTTTCTGGACAGAAACTGACGTTGAGGCACGAAAGTGTGGGG","0","0","0","0","0","0","0","0","0","0","0","0","0","0","0","0","0","0","4","Bacteria","Firmicutes","Clostridia","Clostridiales",NA,NA
"GCGAGCGTTATCCGGATTCATTGGGCGTAAAGCGCGCGTAGGCGGCTGCCTAAGCGGAACCTCTAACCCCGGGGCTCAACCTCGGGCCGGGTTCCGAACTGGGCGGCTCGAGTGCGGTAGAGGAGAGCGGAATTCCCGGTGTAGCGGTGGAATGCGCAGATATCGGGAAGAACACCGATGGCGAAGGCAGCTCTCTGGGCCGGCACTGACGCTGAGGCGCGAAAGCTGGGGG","0","0","0","0","0","3","0","0","0","0","0","0","0","0","0","0","0","0","0","Bacteria","Actinobacteria","Actinobacteria","Coriobacteriales","Coriobacteriaceae","Enterorhabdus"
"GCGAGCGTTATCCGGATTCATTGGGCGTAAAGCGCGCGTAGGCGGCCTGTTAGGTCGGGGGTCAAATACCGGGGCTCAACCCCGGTCCGCCCCCGATACCGGCAGGCTTGAGTCTGGTAGGGGAAGGCGGAATTCCCAGTGTAGCGGTGGAATGCGCAGATATTGGGAAGAACACCGGCGGCGAAGGCGGCCTTCTGGGCCACGACTGACGCTGAGGCGCGAAAGCTAGGGG","0","0","0","0","0","0","0","0","3","0","0","0","0","0","0","0","0","0","0","Bacteria","Actinobacteria","Actinobacteria","Coriobacteriales","Coriobacteriaceae","Olsenella"
"GCAAGCGTTACCCGGAATCACTGGGCGTAAAGGGCGTGTAGGCGGAAATTTAAGTCTGGTTTTAAAGACCGGGGCTCAACCTCGGGGATGGACTGGATACTGGATTTCTTGACCTCTGGAGAGGTAACTGGAATTCCTGGTGTAGCGGTGGAATGCGTAGATACCAGGAGGAACACCAATGGCGAAGGCAAGTTACTGGACAGAAGGTGACGCTGAGGCGCGAAAGTGTGGGG","0","0","0","0","0","0","2","0","0","0","0","0","0","0","0","0","0","0","0","Bacteria","Deinococcus-Thermus","Deinococci","Deinococcales","Deinococcaceae","Deinococcus"
"GCGAGCGTTATCCGGATTTATTGGGCGTAAAGGGTGCGTAGGCGGTATGTTAAGTCTAAAATCAAAGCCCGAGGCTTAACCTCGGTTCGTTTTAGAAACTGGCAAACTAGAGTGCAGTAGAGGCAAGTGGAATTTCTAGTGTAGCGGTTAAATGCGTAGATATTAGAAGGAACACCAGTGGCGAAGGCGGCTTGCTGGGCTGTAACTGACGCTGAGGCACGAAAGCGTGGGG","0","0","0","0","0","0","0","0","0","0","0","0","0","2","0","0","0","0","0","Bacteria","Firmicutes","Clostridia","Clostridiales",NA,NA
