"","Kingdom","Phylum","Class","Order","Family","Genus"
"GCGAGCGTTATCCGGATTTATTGGGTTTAAAGGGTGCGCAGGCGGAAGATCAAGTCAGCGGTAAAATTGAGAGGCTCAACCTCTTCGAGCCGTTGAAACTGGTTTTCTTGAGTGAGCGAGAAGTATGCGGAATGCGTGGTGTAGCGGTGAAATGCATAGATATCACGCAGAACTCCGATTGCGAAGGCAGCATACCGGCGCTCAACTGACGCTCATGCACGAAAGTGTGGGT","Bacteria","Bacteroidetes","Bacteroidia","Bacteroidales","Porphyromonadaceae",NA
"GCGAGCGTTATCCGGATTTATTGGGTTTAAAGGGTGCGCAGGCGGACTCTCAAGTCAGCGGTCAAATCGCGGGGCTCAACCCCGTTCCGCCGTTGAAACTGGGAGCCTTGAGTGCGCGAGAAGTAGGCGGAATGCGTGGTGTAGCGGTGAAATGCATAGATATCACGCAGAACTCCGATTGCGAAGGCAGCCTACCGGCGCGCAACTGACGCTCATGCACGAAAGCGTGGGT","Bacteria","Bacteroidetes","Bacteroidia","Bacteroidales","Porphyromonadaceae","Macellibacteroides"
"GCGAGCGTTATCCGGATTTATTGGGTTTAAAGGGTGCGTAGGCGGGCTGTTAAGTCAGCGGTCAAATGTCGGGGCTCAACCCCGGCCTGCCGTTGAAACTGGCGGCCTCGAGTGGGCGAGAAGTATGCGGAATGCGTGGTGTAGCGGTGAAATGCATAGATATCACGCAGAACTCCGATTGCGAAGGCAGCATACCGGCGCCCGACTGACGCTGAGGCACGAAAGCGTGGGT","Bacteria","Bacteroidetes","Bacteroidia","Bacteroidales","Porphyromonadaceae",NA
"GCGAGCGTTATCCGGATTTATTGGGTTTAAAGGGTGCGTAGGCGGGCTTTTAAGTCAGCGGTAAAAATTCGGGGCTCAACCCCGTCCGGCCGTTGAAACTGGGGGCCTTGAGTGGGCGAGAAGAAGGCGGAATGCGTGGTGTAGCGGTGAAATGCATAGATATCACGCAGAACCCCGATTGCGAAGGCAGCCTTCCGGCGCCCTACTGACGCTGAGGCACGAAAGTGCGGGG","Bacteria","Bacteroidetes","Bacteroidia","Bacteroidales","Porphyromonadaceae","Barnesiella"
"CCGAGCGTTATCCGGATTTATTGGGTTTAAAGGGAGCGTAGGTGGATTGTTAAGTCAGTTGTGAAAGTTTGCGGCTCAACCGTAAAATTGCAGTTGAAACTGGCAGTCTTGAGTACAGTAGAGGTGGGCGGAATTCGTGGTGTAGCGGTGAAATGCTTAGATATCACGAAGAACTCCGATTGCGAAGGCAGCTCACTGGACTGCAACTGACACTGATGCTCGAAAGTGTGGGT","Bacteria","Bacteroidetes","Bacteroidia","Bacteroidales","Bacteroidaceae","Bacteroides"
"GCGAGCGTTATCCGGATTTATTGGGTTTAAAGGGTGCGTAGGCGGCCTGCCAAGTCAGCGGTAAAATTGCGGGGCTCAACCCCGTACAGCCGTTGAAACTGCCGGGCTCGAGTGGGCGAGAAGTATGCGGAATGCGTGGTGTAGCGGTGAAATGCATAGATATCACGCAGAACCCCGATTGCGAAGGCAGCATACCGGCGCCCTACTGACGCTGAGGCACGAAAGTGCGGGG","Bacteria","Bacteroidetes","Bacteroidia","Bacteroidales","Porphyromonadaceae",NA
"GCGAGCGTTATCCGGATTTATTGGGTTTAAAGGGTGCGTAGGCGGGATGCCAAGTCAGCGGTAAAAAAGCGGTGCTCAACGCCGTCGAGCCGTTGAAACTGGCGTTCTTGAGTGGGCGAGAAGTATGCGGAATGCGTGGTGTAGCGGTGAAATGCATAGATATCACGCAGAACTCCGATTGCGAAGGCAGCATACCGGCGCCCTACTGACGCTGAGGCACGAAAGCGTGGGT","Bacteria","Bacteroidetes","Bacteroidia","Bacteroidales","Porphyromonadaceae",NA
"TCAAGCGTTATCCGGATTTATTGGGTTTAAAGGGTGCGTAGGCGGTTCGATAAGTTAGAGGTGAAATCCCGGGGCTCAACTCCGGCACTGCCTCTGATACTGTCGGGCTAGAGTTTAGTTGCGGTAGGCGGAATGTATGGTGTAGCGGTGAAATGCATAGAGATCATACAGAACACCGATTGCGAAGGCAGCTTACCAAACTACGACTGACGTTGAGGCACGAAAGCGTGGGG","Bacteria","Bacteroidetes","Bacteroidia","Bacteroidales","Rikenellaceae","Alistipes"
"GCGAGCGTTATCCGGATTTATTGGGTTTAAAGGGTGCGTAGGCGGATCGTTAAGTCAGTGGTCAAATTGAGGGGCTCAACCCCTTCCCGCCATTGAAACTGGCGATCTTGAGTGGAAGAGAAGTATGCGGAATGCGTGGTGTAGCGGTGAAATGCATAGATATCACGCAGAACCCCGATTGCGAAGGCAGCATGCCGGCTTCCTACTGACGCTGAAGCACGAAAGCGTGGGG","Bacteria","Bacteroidetes","Bacteroidia","Bacteroidales","Porphyromonadaceae","Coprobacter"
"GCGAGCGTTATCCGGATTTATTGGGTTTAAAGGGTGCGTAGGCGGGATGTCAAGTCAGCGGTAAAATTGTGGAGCTCAACTCCATCGAGCCGTTGAAACTGACGTTCTTGAGTGGGCGAGAAGTATGCGGAATGCGTGGTGTAGCGGTGAAATGCATAGATATCACGCAGAACTCCGATTGCGAAGGCAGCATACCGGCGCCCTACTGACGCTGAAGCACGAAAGCGTGGGT","Bacteria","Bacteroidetes","Bacteroidia","Bacteroidales","Porphyromonadaceae",NA
"GCAAGCGTTGTCCGGATTTATTGGGCGTAAAGCGAGTGCAGGCGGTTCAATAAGTCTGATGTGAAAGCCTTCGGCTCAACCGGAGAATTGCATCAGAAACTGTTGAACTTGAGTGCAGAAGAGGAGAGTGGAACTCCATGTGTAGCGGTGGAATGCGTAGATATATGGAAGAACACCAGTGGCGAAGGCGGCTCTCTGGTCTGCAACTGACGCTGAGGCTCGAAAGCATGGGT","Bacteria","Firmicutes","Bacilli","Lactobacillales","Lactobacillaceae","Lactobacillus"
"GCGAGCGTTATCCGGATTTATTGGGTTTAAAGGGTGCGTAGGCGGCCTGCCAAGTCAGCGGTAAAATTGCGGGGCTCAACCCCGTACAGCCGTTGAAACTGCCGGGCTCGAGTGGGCGAGAAGTATGCGGAATGCGTGGTGTAGCGGTGAAATGCATAGATATCACGCAGAACCCCGATTGCGAAGGCAGCATACCGGCGCCCGACTGACGCTGAGGCACGAAAGTGCGGGG","Bacteria","Bacteroidetes","Bacteroidia","Bacteroidales","Porphyromonadaceae",NA
"GCAAGCGTTATCCGGATTTATTGGGCGTAAAGGGAACGCAGGCGGTCTTTTAAGTCTGATGTGAAAGCCTTCGGCTTAACCGGAGTAGTGCATTGGAAACTGGGAGACTTGAGTGCAGAAGAGGAGAGTGGAACTCCATGTGTAGCGGTGAAATGCGTAGATATATGGAAGAACACCAGTGGCGAAAGCGGCTCTCTGGTCTGTAACTGACGCTGAGGTTCGAAAGCGTGGGT","Bacteria","Firmicutes","Bacilli","Lactobacillales","Lactobacillaceae","Lactobacillus"
"GCGAGCGTTATCCGGATTTATTGGGTTTAAAGGGTGCGTAGGCGGGATGCCAAGTCAGCGGTAAAAATGCGGTGCTCAACGCCGTCGAGCCGTTGAAACTGGCGTTCTTGAGTGGGCGAGAAGTATGCGGAATGCGTGGTGTAGCGGTGAAATGCATAGATATCACGCAGAACTCCGATTGCGAAGGCAGCATACCGGCGCCCTACTGACGCTGAGGCACGAAAGCGTGGGT","Bacteria","Bacteroidetes","Bacteroidia","Bacteroidales","Porphyromonadaceae","Macellibacteroides"
"GCAAGCGTTATCCGGAATTATTGGGCGTAAAGAGCGCGCAGGTGGTTAATTAAGTCTGATGTGAAAGCCCACGGCTTAACCGTGGAGGGTCATTGGAAACTGGTTGACTTGAGTGCAGAAGAGGGAAGTGGAATTCCATGTGTAGCGGTGAAATGCGTAGAGATATGGAGGAACACCAGTGGCGAAGGCGGCTTCCTGGTCTGCAACTGACACTGAGGCGCGAAAGCGTGGGG","Bacteria","Firmicutes","Erysipelotrichia","Erysipelotrichales","Erysipelotrichaceae","Turicibacter"
"GCAAGCGTTATCCGGATTTACTGGGTGTAAAGGGAGCGTAGACGGCAGCGCAAGTCTGGAGTGAAATGCCGGGGCCCAACCCCGGAACTGCTTTGGAAACTGTGCAGCTCGAGTGCAGGAGAGGTAAGCGGAATTCCTAGTGTAGCGGTGAAATGCGTAGATATTAGGAGGAACACCAGTGGCGAAGGCGGCTTACTGGACTGTAACTGACGTTGAGGCTCGAAAGCGTGGGG","Bacteria","Firmicutes","Clostridia","Clostridiales","Lachnospiraceae",NA
"GCGAGCGTTATCCGGATTTATTGGGTGTAAAGGGTGCGTAGGCGGTAATACAGGTCTTTGGTATAAGCCCGAAGCTTAACTTCGGTAAGCCAGAGAAACCGTATAACTAGAGTATGGTAGAGGCAAGTGGAATTTCTAGTGTAGCGGTAAAATGCGTAGATATTAGAAGGAACACCAGTGGCGAAGGCGACTTGCTGGGCCAAAACTGACGCTGAGGCACGAAAGCGTGGGG","Bacteria","Firmicutes",NA,NA,NA,NA
"GCGAGCGTTATCCGGATTTATTGGGTTTAAAGGGTGCGCAGGCGGGATGCCAAGTCAGCGGTCAAATTTCGGGGCTCAACCCCGACCTGCCGTTGAAACTGGTGTCCTAGAGTGGGCGAGAAGTATGCGGAATGCGTGGTGTAGCGGTGAAATGCATAGATATCACGCAGAACTCCGATTGCGAAGGCAGCATACCGGCGCCCAACTGACGCTCATGCACGAAAGCGTGGGT","Bacteria","Bacteroidetes","Bacteroidia","Bacteroidales","Porphyromonadaceae",NA
"GCGAGCGTTATCCGGATTTATTGGGTTTAAAGGGTGCGTAGGCGGTCCGTTAAGTCAGCGGTAAAATTGCGGGGCTCAACCCCGTCGAGCCGTTGAAACTGGCAGACTTGAGTTGGCGAGAAGTACGCGGAATGCGCGGTGTAGCGGTGAAATGCATAGATATCGCGCAGAACTCCGATTGCGAAGGCAGCGTACCGGCGCCAGACTGACGCTGAGGCACGAAAGCGTGGGG","Bacteria","Bacteroidetes","Bacteroidia","Bacteroidales","Porphyromonadaceae",NA
"GCGAGCGTTATCCGGATTTATTGGGTTTAAAGGGTGCGTAGGCGGACAGTTAAGTCAGCGGTAAAATTGAGAGGCTCAACCTCTTCCCGCCGTTGAAACTGATTGTCTTGAGTGGGCGAGAAGTATGCGGAATGCGTGGTGTAGCGGTGAAATGCATAGATATCACGCAGAACTCCGATTGCGAAGGCAGCATACCGGCGCCCAACTGACGCTGAAGCACGAAAGCGTGGGT","Bacteria","Bacteroidetes","Bacteroidia","Bacteroidales","Porphyromonadaceae",NA
"GCAAGCGTTATCCGGATTTATTGGGCGTAAAGCGAGCGCAGGCGGTTGCTTAGGTCTGATGTGAAAGCCTTCGGCTTAACCGAAGAAGTGCATCGGAAACCGGGCGACTTGAGTGCAGAAGAGGACAGTGGAACTCCATGTGTAGCGGTGGAATGCGTAGATATATGGAAGAACACCAGTGGCGAAGGCGGCTGTCTGGTCTGCAACTGACGCTGAGGCTCGAAAGCATGGGT","Bacteria","Firmicutes","Bacilli","Lactobacillales","Lactobacillaceae","Lactobacillus"
"GCAAGCGTTATCCGGATTTACTGGGTGTAAAGGGAGCGTAGACGGTGAGACAAGTCTGAAGTGAAAGCCCGGGGCTCAACCCCGGGACTGCTTTGGAAACTGCCTGACTGGAGTGCTGGAGAGGCAAGCGGAATTCCTAGTGTAGCGGTGAAATGCGTAGATATTAGGAAGAACACCAGTGGCGAAGGCGGCTTGCTGGACAGTAACTGACGTTGAGGCTCGAAAGCGTGGGG","Bacteria","Firmicutes","Clostridia","Clostridiales","Lachnospiraceae",NA
"GCAAGCGTTATCCGGAATTACTGGGTGTAAAGGGAGCGTAGACGGTAATGCAAGTCTGGAGTGAAAGGCGGGGGCCCAACCCCCGGACTGCTCTGGAAACTGTGTAACTGGAGTGCAGGAGAGGCAGGCGGAATTCCTAGTGTAGCGGTGAAATGCGTAGATATTAGGAGGAACACCAGTGGCGAAGGCGGCCTGCTGGACTGTAACTGACGTTGAGGCTCGAAAGCGTGGGG","Bacteria","Firmicutes","Clostridia","Clostridiales","Lachnospiraceae",NA
"GCAAGCGTTATCCGGATTTACTGGGTGTAAAGGGAGCGTAGACGGTGCGCCAAGTCTGGAGTGAAATGCCGCAGCTTAACTGCGGAACTGCTTTGGAAACTGGCGAACTAGAGTGCGGGAGGGGTAAGCGGAATTCCTAGTGTAGCGGTGAAATGCGTAGATATTAGGAGGAACACCGGTGGCGAAGGCGGCTTACTGGACCGTAACTGACGTTGAGGCTCGAAAGCGTGGGG","Bacteria","Firmicutes","Clostridia","Clostridiales","Lachnospiraceae",NA
"GCGAGCGTTGTCCGGAATCACTGGGCGTAAAGGGCGCGTAGGCGGTTTAATAAGTCAGTGGTGAAAACTGAGGGCTCAACCCTCAGCCTGCCACTGATACTGTTAGACTTGAGTATGGAAGAGGAGAATGGAATTCCTAGTGTAGCGGTGAAATGCGTAGATATTAGGAGGAACACCAGTGGCGAAGGCGATTCTCTGGGCCAAGACTGACGCTGAGGCGCGAAAGCGTGGGG","Bacteria","Firmicutes","Clostridia","Clostridiales","Peptococcaceae_1","Peptococcus"
"GCAAGCGTTATCCGGATTTACTGGGTGTAAAGGGAGCGTAGACGGTTTTGCAAGTCTGATGTGAAAGCCCGGGGCTCAACCCCGGGACTGCATTGGAAACTGTATGACTGGAGTGCAGGAGAGGTAAGTGGAATTCCTAGTGTAGCGGTGAAATGCGTAGATATTAGGAGGAACACCAGTGGCGAAGGCGGCTTACTGGACTGTAACTGACGTTGAGGCTCGAAAGCGTGGGG","Bacteria","Firmicutes","Clostridia","Clostridiales","Lachnospiraceae","Clostridium_XlVa"
"GCAAGCGTTGTCCGGATTTACTGGGTGTAAAGGGCGTGCAGCCGGAGAGACAAGTCAGATGTGAAATCCACGGGCTCAACCCGTGAACTGCATTTGAAACTGTTTCCCTTGAGTGTCGGAGAGGTAATCGGAATTCCTTGTGTAGCGGTGAAATGCGTAGATATAAGGAAGAACACCAGTGGCGAAGGCGGATTACTGGACGATAACTGACGGTGAGGCGCGAAAGCGTGGGG","Bacteria","Firmicutes","Clostridia","Clostridiales","Ruminococcaceae","Oscillibacter"
"GCAAGCGTTATCCGGATTTACTGGGTGTAAAGGGAGCGTAGACGGCCAGACAAGTCTGAAGTGAAAATCCAGCGCTTAACGTTGGAAGTGCTTTGGAAACTGCCGGGCTAGAGTGCAGGAGGGGCAGGCGGAATTCCTAGTGTAGCGGTGAAATGCGTAGATATTAGGAGGAACACCAGTGGCGAAGGCGGCCTGCTGGACTGCAACTGACGTTGAGGCTCGAAGGCGTGGGG","Bacteria","Firmicutes","Clostridia","Clostridiales","Lachnospiraceae",NA
"GCAAGCGTTGTCCGGATTTACTGGGTGTAAAGGGCGTGCAGCCGGGAAGACAAGTCAGATGTGAAATCCCGCGGCTCAACCGCGGAACTGCATTTGAAACTGTTTTTCTTGAGTACCGGAGAGGTCATCGGAATTCCTTGTGTAGCGGTGAAATGCGTAGATATAAGGAAGAACACCAGTGGCGAAGGCGGATGACTGGACGGCAACTGACGGTGAGGCGCGAAAGCGTGGGG","Bacteria","Firmicutes","Clostridia","Clostridiales","Ruminococcaceae","Oscillibacter"
"GCAAGCGTTATCCGGATTTACTGGGTGTAAAGGGAGCGTAGACGGCAATGCAAGCCAGATGTGAAAACCCGCAGCTCAACTGGGGGAGTGCATTTGGAACTGTGTAGCTGGAGTGCAGGAGAGGTAAGCGGAATTCCTGGTGTAGCGGTGAAATGCGTAGATATCAGGAGGAACACCAGTGGCGAAGGCGGCTTACTGGACTGTAACTGACGTTGAGGCTCGAAAGCGTGGGG","Bacteria","Firmicutes","Clostridia","Clostridiales","Lachnospiraceae","Eisenbergiella"
"GCAAGCGTTATCCGGATTTACTGGGTGTAAAGGGAGCGTAGACGGTGCGCCAAGTCTGGAGTGAAATGCCGCAGCTTAACTGCGGAACTGCTTTGGAAACTGGCGGACTAGAGTGCGGGAGGGGTAAGCGGAATTCCTAGTGTAGCGGTGAAATGCGTAGATATTAGGAGGAACACCGGTGGCGAAGGCGGCTTACTGGACCGTAACTGACGTTGAGGCTCGAAAGCGTGGGG","Bacteria","Firmicutes","Clostridia","Clostridiales","Lachnospiraceae",NA
"GCAAGCGTTATCCGGATTTACTGGGTGTAAAGGGGGCGCAGACGGCCATGGCAAGCCCGGTGTGAAAGGCAGGGGCATAACCCCTGGACTGCACTGGGAACTGTCAGGCTGGAGTGCCGGAGGGGTAAGCGGAATTCCTGGTGTAGCGGTGAAATGCGTAGATATCAGGAGGAACACCGGCGGCGAAGGCGGCTTACTGGACGGCAACTGACGTTGAGGCCCGAAAGCGTGGGG","Bacteria","Firmicutes","Clostridia","Clostridiales","Lachnospiraceae","Murimonas"
"GCAAGCGTTATCCGGATTTACTGGGTGTAAAGGGAGCGTAGACGGCAGTGCAAGTCTGAAGTGAAAGGCGGGGGCCCAACCCCCGGACTGCTTTGGAAACTGTGCTGCTGGAGTGCAGGAGAGGCAAGTGGAATTCCTAGTGTAGCGGTGAAATGCGTAGATATTAGGAGGAACACCAGTGGCGAAGGCGGCTTGCTGGACTGTAACTGACGTTGAGGCTCGAAAGCGTGGGG","Bacteria","Firmicutes","Clostridia","Clostridiales","Lachnospiraceae",NA
"GCAAGCGTTATCCGGATTTACTGGGTGTAAAGGGAGCGTAGGCGGCCATGCAAGTCAGAAGTGAAAACCCGGGGCTCAACCCTGGGAGTGCTTTTGAAACTGTGCGGCTAGAGTGTCGGAGGGGTAAGTGGAATTCCTAGTGTAGCGGTGAAATGCGTAGATATTAGGAGGAACACCAGTGGCGAAGGCGGCTTACTGGACGATGACTGACGCTGAGGCTCGAAAGCGTGGGG","Bacteria","Firmicutes","Clostridia","Clostridiales","Lachnospiraceae",NA
"GCAAGCGTTATCCGGATTTACTGGGTGTAAAGGGAGCGCAGACGGCTGTGCAAGTCTGGAGTGAAAGGCGGGGGCCCAACCCCCGGACTGCTCTGGAAACTGTAAAGCTGGAGTGCAGGAGAGGTAAGCGGAATTCCTAGTGTAGCGGTGAAATGCGTAGATATTAGGAGGAACACCAGTGGCGAAGGCGGCTTACTGGACTGCAACTGACGTTGAGGCTCGAAAGCGTGGGG","Bacteria","Firmicutes","Clostridia","Clostridiales","Lachnospiraceae",NA
"GCAAGCGTTATCCGGATTTACTGGGTGTAAAGGGAGCGTAGACGGCGATGCAAGTCTGAAGTGAAAGGCGGGGGCCCAACCCCCGGACTGCTTTGGAAACTGTATAGCTGGAGTGCAGGAGAGGTAAGTGGAATTCCTAGTGTAGCGGTGAAATGCGTAGATATTAGGAGGAACACCAGTGGCGAAGGCGGCTTACTGGACTGTAACTGACGTTGAGGCTCGAAAGCGTGGGG","Bacteria","Firmicutes","Clostridia","Clostridiales","Lachnospiraceae","Clostridium_XlVa"
"GCAAGCGTTATCCGGAATTACTGGGTGTAAAGGGAGCGTAGACGGTGATGCAAGTCTGGAGTGAAAGGCGGGGGCCCAACCCCCGGACTGCTCTGGAAACTGTGTAACTTGAGTGCAGGAGAGGTAAGCGGAATTCCTAGTGTAGCGGTGAAATGCGTAGATATTAGGAGGAACACCAGTGGCGAAGGCGGCTTACTGGACTGTAACTGACGTTGAGGCTCGAAAGCGTGGGG","Bacteria","Firmicutes","Clostridia","Clostridiales","Lachnospiraceae",NA
"GCAAGCGTTATCCGGATTTACTGGGTGTAAAGGGAGCGTAGACGGCGCGGCAAGTCTGAAGTGAAAGGCAGGGGCTTAACCCCTGAACTGCTTTGGAAACTGCCATGCTAGAGTGCTGGAGAGGTAAGTGGAATTCCTAGTGTAGCGGTGAAATGCGTAGATATTAGGAGGAACACCAGTGGCGAAGGCGGCTTACTGGACAGTAACTGACGTTGAGGCTCGAAAGCGTGGGG","Bacteria","Firmicutes","Clostridia","Clostridiales","Lachnospiraceae",NA
"GCAAGCGTTATCCGGATTTACTGGGTGTAAAGGGAGCGCAGACGGCAGTGCAAGTCTGGAGTGAAAGCCCGGGGCCCAACCCCGGAACTGCTCTGGAAACTGTGCGGCTAGAGTACTGGAGGGGCAGGCGGAATTCCTAGTGTAGCGGTGAAATGCGTAGATATTAGGAGGAACACCAGTGGCGAAGGCGGCCTGCTGGACAGTAACTGACGTTGAGGCTCGAAAGCGTGGGG","Bacteria","Firmicutes","Clostridia","Clostridiales","Lachnospiraceae",NA
"GCAAGCGTTATCCGGATTTACTGGGTGTAAAGGGAGCGTAGGCGGCCTGGCAAGCCTGATGTGAAATACCGGGGCCCAACCCCGGGGCTGCATTGGGAACTGCCAGGCTGGAGTGCCGGAGAGGCAGGCGGAATTCCTAGTGTAGCGGTGAAATGCGTAGATATTAGGAGGAACACCAGTGGCGAAGGCGGCCTGCTGGACGGTGACTGACGCTGAGGCTCGAAAGCGTGGGG","Bacteria","Firmicutes","Clostridia","Clostridiales","Lachnospiraceae",NA
"GCAAGCGTTATCCGGATTTACTGGGTGTAAAGGGAGCGCAGGCGGCATGGCAAGTCAGATGTGAAAGCCCGGGGCTCAACCCCGGGACTGCATTTGAAACTGCCAGGCTAGAGTGTCGGAGAGGCAAGTGGAATTCCTAGTGTAGCGGTGAAATGCGTAGATATTAGGAGGAACACCAGTGGCGAAGGCGGCTTGCTGGACGATCACTGACGCTGAGGCTCGAAAGCGTGGGG","Bacteria","Firmicutes","Clostridia","Clostridiales","Lachnospiraceae",NA
"GCAAGCGTTATCCGGATTTACTGGGTGTAAAGGGAGCGTAGACGGCTGTGCAAGTCTGAAGTGAAAGCCCGTGGCTCAACCGCGGAACTGCTTTGGAAACTGTATAGCTTGAGTACTGGAGAGGCAGGCGGAATTCCTAGTGTAGCGGTGAAATGCGTAGATATTAGGAGGAACACCAGTGGCGAAGGCGGCCTGCTGGACAGAAACTGACGTTGAGGCTCGAAAGCGTGGGG","Bacteria","Firmicutes","Clostridia","Clostridiales","Lachnospiraceae",NA
"GCGAGCGTTATCCGGATTCACTGGGCGTAAAGGGAGCGCAGGCGGCACGGCAAGTCCGGTGTGAAAGCCCGGGGCCCAACCCCGGGACTGCACTGGAAACTGCCGGGCTGGAGTGCCGGAGGGGTAAGCGGAATTCCTGGTGTAGCGGTGAAATGCGCAGATATCAGGAGGAACACCAGTGGCGGAGGCGGCTTACTGGACGGTCACTGACGCTGAGGCTCGAAAGCGTGGGG","Bacteria","Firmicutes","Clostridia","Clostridiales","Lachnospiraceae",NA
"GCAAGCGTTATCCGGATTTACTGGGTGTAAAGGGAGCGTAGACGGCGATGCAAGTCTGAAGTGAAAGCCCGGGGCTCAACCCCGGGACTGCTTTGGAAACTGTATGGCTGGAGTGCTGGAGAGGCAAGCGGAATTCCTAGTGTAGCGGTGAAATGCGTAGATATTAGGAAGAACACCAGTGGCGAAGGCGGCTTGCTGGACAGTAACTGACGTTGAGGCTCGAAAGCGTGGGG","Bacteria","Firmicutes","Clostridia","Clostridiales","Lachnospiraceae","Clostridium_XlVa"
"GCAAGCGTTGTCCGGATTTACTGGGTGTAAAGGGTGCGTAGGCGGCTTTGCAAGTCAGAAGTGAAATCCATGGGCTTAACCCATGAACTGCTTTTGAAACTGCAGAGCTTGAGTGGAGTAGAGGTAGGCGGAATTCCCGGTGTAGCGGTGAAATGCGTAGAGATCGGGAGGAACACCAGTGGCGAAGGCGGCCTGCTGGGCTCTAACTGACGCTGAGGCACGAAAGCGTGGGT","Bacteria","Firmicutes","Clostridia","Clostridiales","Ruminococcaceae","Clostridium_IV"
"GCGAGCGTTATCCGGATTTACTGGGTGTAAAGGGAGCGTAGACGGCGTCGCAAGTCTGAAGTGAAAGCCCGTGGCTCAACCGCGGAACCGCTTTGGAAACTGCGAGGCTGGAGTGCTGGAGAGGTAAGCGGAATTCCTGGTGTAGCGGTGAAATGCGTAGATATCAGGAGGAACACCGGTGGCGAAGGCGGCTTACTGGACAGTGACTGACGTTGAGGCTCGAAAGCGTGGGG","Bacteria","Firmicutes","Clostridia","Clostridiales","Lachnospiraceae",NA
"GCAAGCGTTATCCGGATTTACTGGGTGTAAAGGGAGCGTAGACGGCATAGCAAGTCTGAAGTGAAAGCCCAAGGCTCAACCATGGGACTGCTTTGGAAACTGTTAAGCTAGAGTGCTGGAGAGGTAAGCGGAATTCCTAGTGTAGCGGTGAAATGCGTAGATATTAGGAAGAACACCAGTGGCGAAGGCGGCTTACTGGACAGTAACTGACGTTGAGGCTCGAAAGCGTGGGG","Bacteria","Firmicutes","Clostridia","Clostridiales","Lachnospiraceae",NA
"GCAAGCGTTATCCGGATTTACTGGGTGTAAAGGGAGCGTAGACGGTTATGTAAGTCTGGAGTGAAAGCCCGGGGCCCAACCCCGGGACTGCTTTGGAAACTGTGTAACTGGAGTACAGGAGGGGCAGGCGGAATTCCTGGTGTAGCGGTGAAATGCGTAGATATCAGGAGGAACACCGGCGGCGAAGGCGGCCTGCTGGACTGAAACTGACGTTGAGGCTCGAAAGCGTGGGG","Bacteria","Firmicutes","Clostridia","Clostridiales","Lachnospiraceae","Acetatifactor"
"GCGAGCGTTATCCGGATTTACTGGGTGTAAAGGGAGCGCAGGCGGCGTGGCAAGTCAGATGTGAAAACCCGGGGCCCAACCCCGGGACTGCATTTGAAACTGCCATGCTGGAGTGCCGGAGAGGCAAGTGGAATTCCTAGTGTAGCGGTGAAATGCGTAGATATTAGGAGGAACACCAGTGGCGGAGGCGGCTTGCTGGACGGTAACTGACGCTGAGGCTCGAAAGCGTGGGG","Bacteria","Firmicutes","Clostridia","Clostridiales","Lachnospiraceae",NA
"GCAAGCGTTATCCGGAATTATTGGGCGTAAAGAGTACGTAGGTGGCAACCTAAGCGCAGGGTTTAAGGCAATGGCTCAACCATTGTTCGCCCTGCGAACTGGGATGCTTGAGTGCAGGAGAGGAAAGCGGAATTCCTAGTGTAGCGGTGAAATGCGTAGATATTAGGAGGAACACCAGTGGCGAAGGCGGCTTTCTGGACTGTAACTGACACTGAGGTACGAAAGCGTGGGG","Bacteria","Firmicutes","Clostridia","Clostridiales",NA,NA
"GCAAGCGTTGTCCGGATTTACTGGGTGTAAAGGGTGCGTAGGCGGCCTTGCAAGTCAGAAGTGAAATCCATGGGCTTAACCCGTGAACTGCTTTTGAAACTGTAGGGCTTGAGTGAAGTAGAGGCAGGCGGAATTCCCGGTGTAGCGGTGAAATGCGTAGAGATCGGGAGGAACACCAGTGGCGAAGGCGGCCTGCTGGGCTTTAACTGACGCTGAAGCACGAAAGCGTGGGT","Bacteria","Firmicutes","Clostridia","Clostridiales","Ruminococcaceae","Clostridium_IV"
"GCAAGCGTTATCCGGATTTACTGGGTGTAAAGGGAGCGTAGACGGCAGAGCAAGTCTGAAGTGAAAGCCCGCGGCCCAACTGCGGGACTGCTTTGGAAACTGCCCGGCTAGAGTGCTGGAGAGGTAAGCGGAATTCCTAGTGTAGCGGTGAAATGCGTAGATATTAGGAGGAACACCAGTGGCGAAGGCGGCTTACTGGACAGTAACTGACGTTGAGGCTCGAAAGCGTGGGG","Bacteria","Firmicutes","Clostridia","Clostridiales","Lachnospiraceae",NA
"GCAAGCGTTATCCGGATTTACTGGGTGTAAAGGGAGCGTAGACGGCAGCGCAAGTCTGAAGTGAAATGCCAGGGCTTAACCCTGGAACTGCTTTGGAAACTGTGCAGCTAGAGTGCAGGAGAGGTAAGTGGAATTTCTAGTGTAGCGGTGAAATGCGTAGATATTAGGAGGAACACCAGTGGCGAAGGCGGCTTACTGGACTGTAACTGACGTTGAGGCTCGAAAGCGTGGGG","Bacteria","Firmicutes","Clostridia","Clostridiales","Lachnospiraceae",NA
"GCAAGCGTTATCCGGATTTACTGGGTGTAAAGGGAGCGTAGACGGCAGGGCAAGTCTGGAGTGAAAGGCAGGGGCCCAACCCCTGGACTGCTCTGGAAACTGTCCGGCTGGAGTGCAGGAGAGGTAAGTGGAATTCCTAGTGTAGCGGTGAAATGCGTAGATATTAGGAGGAACACCAGTGGCGAAGGCGGCTTACTGGACTGTAACTGACGTTGAGGCTCGAAAGCGTGGGG","Bacteria","Firmicutes","Clostridia","Clostridiales","Lachnospiraceae","Robinsoniella"
"GCGAGCGTTATCCGGAATTATTGGGCGTAAAGGGTGCGTAGATGGCATAGTAAGTCTTTTGTAAAAATGCTGGGCTCAACCCAGTAGGGCAAAAGATACTGCAAAGCTAGAGTATGACAGAGGCAAGTGGAACTACATGTGTAGCGGTAAAATGCGTAAATATATGTAAGAACACCAGTGGCGAAGGCGGCTTGCTGGGTCGATACTGACATTGAGGCACGAAAGCGTGGGG","Bacteria","Tenericutes","Mollicutes","Anaeroplasmatales","Anaeroplasmataceae","Anaeroplasma"
"GCGAGCGTTATCCGGATTTATTGGGCGTAAAGCGTCCGCAGCCGGTTTATTAAGTATAGAATAAAACTTCGGGGCTCAACCCCGTCTCGTTCTATAAACTGATAGACTAGAGTGTGGTAGAGGCAAGTGGAATTTCTAGTGTAGCGGTAGAATGCGTAGATATTAGAAGGAACACCAGTGGCGAAGGCGACTTGCTGGGCCATCACTGACGGTCAGGGACGAAAGCGTGGGG","Bacteria",NA,NA,NA,NA,NA
"GCAAGCGTTGTCCGGATTTACTGGGTGTAAAGGGCGTGTAGCCGGGCTTACAAGTCAGATGTGAAATCCGGGGGCTCAACCCCCGAACTGCATTTGAAACTGTAGGTCTTGAGTATCGGAGAGGCAGGCGGAATTCCTAGTGTAGCGGTGAAATGCGTAGATATTAGGAGGAACACCAGTGGCGAAGGCGGCCTGCTGGACGACAACTGACGGTGAGGCGCGAAAGCGTGGGG","Bacteria","Firmicutes","Clostridia","Clostridiales","Ruminococcaceae","Sporobacter"
"GCAAGCGTTATCCGGATTTATTGGGTGTAAAGGGCGTGTAGGCGGGAATGCAAGTCAGATGTGAAAACTATGGGCTCAACCCATAGCCTGCATTTGAAACTGTATTTCTTGAGTGCTGGAGAGGCAATCGGAATTCCGTGTGTAGCGGTGAAATGCGTAGATATACGGAGGAACACCAGTGGCGAAGGCGGATTGCTGGACAGTAACTGACGCTGAGGCGCGAAAGCGTGGGG","Bacteria","Firmicutes","Clostridia","Clostridiales","Ruminococcaceae","Flavonifractor"
"GCAAGCGTTATCCGGATTTATTGGGCGTAAAGGGCTCGTAGGCGGTTCGTCGCGTCCGGTGTGAAAGTCCATCGCTTAACGGTGGATCCGCGCCGGGTACGGGCGGGCTTGAGTGCGGTAGGGGAGACTGGAATTCCCGGTGTAACGGTGGAATGTGTAGATATCGGGAAGAACACCAATGGCGAAGGCAGGTCTCTGGGCCGTTACTGACGCTGAGGAGCGAAAGCGTGGGG","Bacteria","Actinobacteria","Actinobacteria","Bifidobacteriales","Bifidobacteriaceae","Bifidobacterium"
"GCAAGCGTTATCCGGATTTACTGGGTGTAAAGGGAGCGTAGACGGTTGTGCAAGTCTGAAGTGAAAGCCCGCGGCTCAACTGCGGAACGGCTTTGGAAACTGTGTAACTGGAGTGCTGGAGAGGTAAGCGGAATTCCTGGTGTAGCGGTGAAATGCGTAGAGATCAGGAGGAACACCGGCGGCGAAGGCGGCTTACTGGACAGTAACTGACGTTGAGGCTCGAAAGCGTGGGG","Bacteria","Firmicutes","Clostridia","Clostridiales","Lachnospiraceae",NA
"GCAAGCGTTATCCGGAATCACTGGGTGTAAAGGGAGCGTAGACGGCTGTGCAAGCCTGAAGTGAAAGGCGGGGGCCCAACCCCTGGACTGCTTTGGGAACTGTACGGCTGGAGTGCAGGAGAGGTAAGTGGAATTCCTAGTGTAGCGGTGAAATGCGTAGATATTAGGAGGAACACCAGTGGCGAAGGCGGCTTACTGGACTGTAACTGACGTTGAGGCTCGAAAGCGTGGGG","Bacteria","Firmicutes","Clostridia","Clostridiales","Lachnospiraceae",NA
"GCAAGCGTTATCCGGATTCACTGGGTGTAAAGGGAGCGTAGACGGCCATGCAAGCCAGGGGTGAAAGCCCGGGGCCCAACCCCGGGACTGCCCTTGGAACTGTGCGGCTGGAGTGCGGGAGGGGCAGGCGGAATTCCTGGTGTAGCGGTGAAATGCGTAGATATCAGGAGGAACACCGGCGGCGAAGGCGGCCTGCTGGACCGCGACTGACGTTGAGGCTCGAAAGCGTGGGG","Bacteria","Firmicutes","Clostridia","Clostridiales","Lachnospiraceae","Acetatifactor"
"GCAAGCGTTATCCGGATTTACTGGGTGTAAAGGGAGCGTAGACGGCAATACAAGTCGGAAGTGAAATACCCGGGCTCAACCTGGGAACTGCTTTGGAAACTGTATGGCTGGAGTGCTGGAGAGGTAAGCGGAATTCCTAGTGTAGCGGTGAAATGCGTAGATATTAGGAGGAACACCAGTGGCGAAGGCGGCTTACTGGACAGTAACTGACGTTGAGGCTCGAAAGCGTGGGG","Bacteria","Firmicutes","Clostridia","Clostridiales","Lachnospiraceae",NA
"GCGAGCGTTATCCGGATTTACTGGGTGTAAAGGGAGCGTAGACGGTTCTGCAAGTCTGAAGTGAAAGCCCGTGGCTTAACCGCGGAACGGCTTTGGAAACTGTGGAACTGGAGTGCTGGAGAGGCAAGCGGAATTCCTAGTGTAGCGGTGAAATGCGTAGATATTAGGAGGAACACCAGTGGCGAAGGCGGCTTGCTGGACAGTAACTGACGTTGAGGCTCGAAAGCGTGGGG","Bacteria","Firmicutes","Clostridia","Clostridiales","Lachnospiraceae",NA
"GCAAGCGTTATCCGGATTCACTGGGCGTAAAGGGAGCGCAGGCGGCACGGCAAGTCTGGTGTGAAAACCCGGGGCTCAACCCCGGGACTGCATTGGAAACTGCCGGGCTGGAGTGTCGGAGGGGTAAGCGGAATTCCTAGTGTAGCGGTGAAATGCGTAGATATTAGGAGGAACACCAGTGGCGAAGGCGGCTTACTGGACGATGACTGACGCTGAGGCTCGAAAGCGTGGGG","Bacteria","Firmicutes","Clostridia","Clostridiales","Lachnospiraceae",NA
"GCAAGCGTTGTCCGGATTTACTGGGTGTAAAGGGCGTGTAGCCGGGCTGACAAGTCAGATGTGAAATCCGGGGGCTCAACCCCCGAACTGCATTTGAAACTGTTGGTCTTGAGTATCGGAGAGGCAGGCGGAATTCCTAGTGTAGCGGTGAAATGCGTAGATATTAGGAGGAACACCAGTGGCGAAGGCGGCCTGCTGGACGACAACTGACGGTGAGGCGCGAAAGCGTGGGG","Bacteria","Firmicutes","Clostridia","Clostridiales","Ruminococcaceae","Sporobacter"
"GCGAGCGTTGTCCGGATTTACTGGGCGTAAAGGGAGCGTAGGCGGACTTTTAAGTGAGATGTGAAATACTCGGGCTCAACTTGAGTGCTGCATTTCAAACTGGAAGTCTAGAGTGCAGGAGAGGAGAATGGAATTCCTAGTGTAGCGGTGAAATGCGTAGAGATTAGGAAGAACACCAGTGGCGAAGGCGATTCTCTGGACTGTAACTGACGCTGAGGCTCGAAAGCGTGGGG","Bacteria","Firmicutes","Clostridia","Clostridiales","Clostridiaceae_1","Clostridium_sensu_stricto"
"GCAAGCGTTATCCGGATTTACTGGGTGTAAAGGGAGCGTAGACGGTGATGCAAGTCTGAAGTGAAAGGCGGGGGCTCAACCCCCGGACTGCTTTGGAAACTGTATGACTGGAGTGCAGGAGAGGTAAGTGGAATTCCTAGTGTAGCGGTGAAATGCGTAGATATTAGGAGGAACACCAGTGGCGAAGGCGGCTTACTGGACTGTAACTGACGTTGAGGCTCGAAAGCGTGGGG","Bacteria","Firmicutes","Clostridia","Clostridiales","Lachnospiraceae","Clostridium_XlVa"
"GCAAGCGTTGTTCGGAATGACTGGGCGTAAAGGGTGCGTAGGCGGTTGTACAAGTTAGAAGTGAAATACCCAGGGCTTAACTCGGGTGCTGCTTCTAAAACTGTATGACTTGAGTGCAGTAGAGGTTAGTGGAATTCCTAGTGTAGCGGTGGAATGCGTAGATATTAGGAGGAACACCAGAGGCGAAGGCGGCTAACTGGACTGCAACTGACGCTGAGGCACGAAAGTGTGGGG","Bacteria","Firmicutes","Clostridia","Clostridiales",NA,NA
"GCAAGCGTTATCCGGATTTACTGGGTGTAAAGGGAGCGTAGACGGCTGTGCAAGTCTGAAGTGAAAGCCCAGGGCTCAACCCTGGGACTGCTTTGGAAACTGTGGAGCTAGAGTGCTGGAGAGGTAAGTGGAATTCCTAGTGTAGCGGTGAAATGCGTAGATATTAGGAGGAACACCAGTGGCGAAGGCGGCTTACTGGACAGTAACTGACGTTGAGGCTCGAAAGCGTGGGG","Bacteria","Firmicutes","Clostridia","Clostridiales","Lachnospiraceae","Clostridium_XlVa"
"GCAAGCGTTATCCGGATTCACTGGGCGTAAAGGGAGCGCAGGCGGCATGGCAAGTCTGATGTGAAAACCCGGGGCCCAACCCCGGGAGTGCATTGGAAACTGCCAGGCTGGAGTGTCGGAGGGGTAAGCGGAATTCCTAGTGTAGCGGTGAAATGCGTAGATATTAGGAGGAACACCAGTGGCGAAGGCGGCTTACTGGACGACTACTGACGCTGAGGCTCGAAAGCGTGGGG","Bacteria","Firmicutes","Clostridia","Clostridiales","Lachnospiraceae",NA
"GCAAGCGTTATCCGGATTTACTGGGTGTAAAGGGAGCGTAGACGGTGATGCAAGTCAGAAGTGAAAGCCCGGGGCTCAACTCCGGGACTGCTTTTGAAACTGTGTGACTGGAGTGCAGGAGAGGTAAGCGGAATTCCTGGTGTAGCGGTGAAATGCGTAGATATCAGGAGGAACACCAGTGGCGAAGGCGGCTTACTGGACTGTAACTGACGTTGAGGCTCGAAAGCGTGGGG","Bacteria","Firmicutes","Clostridia","Clostridiales","Lachnospiraceae","Clostridium_XlVa"
"GCAAGCGTTGTCCGGATTTACTGGGTGTAAAGGGCGTGTAGCCGGGTTGACAAGTCAGATGTGAAATCCTGCGGCTTAACCGCAGAACTGCATTTGAAACTGTTGATCTTGAGTACTGGAGAGGCAGACGGAATTCCTAGTGTAGCGGTGAAATGCGTAGATATTAGGAGGAACACCAGTGGCGAAGGCGGTCTGCTGGACAGCAACTGACGGTGAGGCGCGAAAGCGTGGGG","Bacteria","Firmicutes","Clostridia","Clostridiales","Ruminococcaceae",NA
"GCAAGCGTTATCCGGATTTACTGGGTGTAAAGGGGGCGCAGACGGCAGCGCAAGCCAGGAGTGAAAGCCCGGGGCCCAACCCCGGGACTGCTCTTGGAACTGCGCGGCTGGAGTGCAGGAGGGGCAGGCGGAATTCCTGGTGTAGCGGTGAAATGCGTAGATATCAGGAGGAACACCGGTGGCGAAGGCGGCCTGCTGGACTGCGACTGACGTTGAGGCCCGAAAGCGTGGGG","Bacteria","Firmicutes","Clostridia","Clostridiales","Lachnospiraceae","Acetatifactor"
"GCAAGCGTTATCCGGAATTACTGGGTGTAAAGGGAGCGTAGACGGTGATGTAAGTCTGGAGTGAAAGGCGGGGGCCCAACCCCCGGACTGCTCTGGAAACTATGTGACTGGAGTGCAGGAGAGGTGAGCGGAATTCCTAGTGTAGCGGTGAAATGCGTAGATATTAGGAGGAACACCAGTGGCGAAGGCGGCTCACTGGACTGTAACTGACGTTGAGGCTCGAAAGCGTGGGG","Bacteria","Firmicutes","Clostridia","Clostridiales","Lachnospiraceae",NA
"GCAAGCGTTATCCGGATTTACTGGGTGTAAAGGGAGCGCAGGCGGCGCGGCAAGTCTGATGTGAAAGCCCGGGGCTCAACCCCGGGACTGCATTGGAAACTGTCGCGCTCGAGTGTCGGAGAGGTAAGTGGAATTCCTAGTGTAGCGGTGAAATGCGTAGATATTAGGAGGAACACCAGTGGCGAAGGCGGCTTACTGGACGACAACTGACGCTGAGGCTCGAAAGCGTGGGG","Bacteria","Firmicutes","Clostridia","Clostridiales","Lachnospiraceae","Roseburia"
"GCAAGCGTTATCCGGATTTACTGGGTGTAAAGGGAGCGTAGACGGCTGTGCAAGTCTGAAGTGAAATGCCGGGGCTCAACCCCGGAACTGCTTTGGAAACTGTACAGCTAGAGTGCAGGAGGGGTGAGCGGAATTCCTAGTGTAGCGGTGAAATGCGTAGATATTAGGAGGAACACCGGTGGCGAAGGCGGCTCACTGGACTGTAACTGACGTTGAGGCTCGAAAGCGTGGGG","Bacteria","Firmicutes","Clostridia","Clostridiales","Lachnospiraceae",NA
"GCAAGCGTTATCCGGATTTACTGGGTGTAAAGGGAGCGTAGACGGCCAGACAAGTCTGAAGTGAAAATCCAGCGCTTAACGTTGGAAGTGCTTTGGAAACTGCCGGGCTGGAGTGCAGGAGGGGCAGGCGGAATTCCTAGTGTAGCGGTGAAATGCGTAGATATTAGGAGGAACACCAGTGGCGAAGGCGGCCTGCTGGACTGCAACTGACGTTGAGGCTCGAAGGCGTGGGG","Bacteria","Firmicutes","Clostridia","Clostridiales","Lachnospiraceae",NA
"CCGAGCATTATCCGGAGTGACTGGGTGTAAAGAGTTGCGTAGGTGGCATAGTAAGTAGCTAGTGAAATCTGGTGGCTCAACCATTCAGACTATTAGCTAAACTGCTAAGCTCGAGACCGTTAGGGGTAACTGGAATTTCTAGTGTAGGAGTGAAATCCGTAGATATTAGAAGGAACACCGATAGCGTAGGCAGGTTACTGGGACGGTTCTGACACTAAGGCACGAAAGCGTAGGG","Bacteria","Candidatus_Saccharibacteria",NA,NA,NA,NA
"GCAAGCGTTATCCGGATTTACTGGGTGTAAAGGGAGCGTAGACGGTATGGCAAGTCTGATGTGAAAACCCGGGGCTCAACCCCGGGACTGCATTGGAAACTGTCGGACTAGAGTGTCGGAGAGGCAAGTGGAATTCCTAGTGTAGCGGTGAAATGCGTAGATATTAGGAGGAACACCAGTGGCGAAGGCGGCTTGCTGGACGATGACTGACGTTGAGGCTCGAAAGCGTGGGG","Bacteria","Firmicutes","Clostridia","Clostridiales","Lachnospiraceae","Dorea"
"GCAAGCGTTATCCGGATTTACTGGGTGTAAAGGGAGCGTAGACGGTCCTGCAAGCCAGATGTGAAAGCCCGGGGCTCAACCCCGGGACTGCATTTGGAACTGTAAGGCTAGAGTGTCGGAGAGGCAGGCGGAATTCCTAGTGTAGCGGTGAAATGCGTAGATATTAGGAGGAACACCAGTGGCGAAGGCGGCCTGCTGGACGATGACTGACGTTGAGGCTCGAAAGCGTGGGG","Bacteria","Firmicutes","Clostridia","Clostridiales","Lachnospiraceae",NA
"GCAAGCGTTATCCGGATTTACTGGGTGTAAAGGGAGCGTAGACGGTTATGTAAGTCTGAAGTGAAAGCCCGGGGCCCAACCCCGGGACTGCTTTGGAAACTGTGTAACTAGAGTACAGGAGGGGCAGGCGGAATTCCTGGTGTAGCGGTGAAATGCGTAGATATCAGGAGGAACACCGGCGGCGAAGGCGGCCTGCTGGACTGAAACTGACGTTGAGGCTCGAAAGCGTGGGG","Bacteria","Firmicutes","Clostridia","Clostridiales","Lachnospiraceae","Acetatifactor"
"GCAAGCGTTATCCGGATTTACTGGGTGTAAAGGGCGTGTAGGCGGGAAAGCAAGTCAGATGTGAAAACCATGGGCTCAACCTGTGGCCTGCATTTGAAACTGTTTTTCTTGAGTACTGGAGAGGCAGACGGAATTCCTAGTGTAGCGGTGAAATGCGTAGATATTAGGAGGAACACCAGTGGCGAAGGCGGTCTGCTGGACAGCAACTGACGCTGAGGCGCGAAAGCGTGGGG","Bacteria","Firmicutes","Clostridia","Clostridiales","Ruminococcaceae",NA
"GCAAGCGTTATCCGGATTTACTGGGTGTAAAGGGCGTGTAGGCGGGGACGCAAGTCAGATGTGAAAACCACGGGCTCAACCTGTGGCCTGCATTTGAAACTGTGTTTCTTGAGTACTGGAGAGGCAGACGGAATTCCTAGTGTAGCGGTGAAATGCGTAGATATTAGGAGGAACACCAGTGGCGAAGGCGGTCTGCTGGACAGCAACTGACGCTGAGGCGCGAAAGCGTGGGG","Bacteria","Firmicutes","Clostridia","Clostridiales","Ruminococcaceae","Pseudoflavonifractor"
"GCAAGCGTTATCCGGATTTACTGGGTGTAAAGGGAGCGTAGACGGCGAAGAAAGTCTGAAGTGAAAGCCCGCGGCTCAACCGCGGAATGGCTTTGGAAACTTTTTTGCTGGAGTACCGGAGAGGTAAGCGGAATTCCTAGTGTAGCGGTGAAATGCGTAGATATTAGGAGGAACACCAGTGGCGAAGGCGGCTTACTGGACGGTAACTGACGTTGAGGCTCGAAAGCGTGGGG","Bacteria","Firmicutes","Clostridia","Clostridiales","Lachnospiraceae",NA
"GCAAGCGTTATCCGGATTTACTGGGTGTAAAGGGAGCGTAGGCGGCCACGCAAGTCAGAAGTGAAAACCCGGGGCTCAACCCTGGGAGTGCTTTTGAAACTGTGCGGCTAGAGTGTCGGAGGGGTAAGTGGAATTCCTAGTGTAGCGGTGAAATGCGTAGATATTAGGAGGAACACCAGTGGCGAAGGCGGCTTACTGGACGATGACTGACGCTGAGGCTCGAAAGCGTGGGG","Bacteria","Firmicutes","Clostridia","Clostridiales","Lachnospiraceae",NA
"GCGAGCGTTATCCGGATTTATTGGGTTTAAAGGGTGCGCAGGCGGGATGCCAAGTCAGCGGTCAAATTTCGGGGCTCAACCCCGACCTGCCGTTGAAACTGGTGTCCTAGAGTGGGCGAGAAGTATGCGGAATGCGTGGTGTAGCGGTGAAATGCATAGATATCACGCAGAACTCCGATTGCGAAGGCAGCATACCGGCGCCCGACTGACGCTCATGCACGAAAGCGTGGGT","Bacteria","Bacteroidetes","Bacteroidia","Bacteroidales","Porphyromonadaceae",NA
"GCAAGCGTTATCCGGATTTACTGGGTGTAAAGGGAGCGTAGACGGACTTGCAAGTCTGATGTGAAAATCCGGGGCCCAACCCCGGAACTGCATTGGAAACTGTATATCTAGAGTGTCGGAGAGGCAAGTGGAATTCCTGGTGTAGCGGTGAAATGCGTAGATATCAGGAGGAACACCAGTGGCGAAGGCGGCTTGCTGGACGATGACTGACGTTGAGGCTCGAAAGCGTGGGG","Bacteria","Firmicutes","Clostridia","Clostridiales","Lachnospiraceae","Dorea"
"GCGAGCGTTGTCCGGAATTACTGGGTGTAAAGGGAGCGTAGGCGGGCGAGAAAGTTGAATGTTAAATCTACCGGCTTAACTGGTAGCTGCGTTCAAAACTTCTTGTCTTGAGTGAAGTAGAGGCAGGCGGAATTCCTAGTGTAGCGGTGAAATGCGTAGATATTAGGAGGAACACCAGTGGCGAAGGCGGCCTGCTGGGCTTTAACTGACGCTGAGGCTCGAAAGCGTGGGG","Bacteria","Firmicutes","Clostridia","Clostridiales","Ruminococcaceae","Acetanaerobacterium"
"GCAAGCGTTGTCCGGAATTACTGGGCGTAAAGGGCGCGTAGGTGGGCGCTTAAGTCAGGTGTGAAAACTCCGGGCTCAACCTGGAGACTGCACTTGAAACTGGGTGTCTTGAGGGCAGGAGAGGAAAGTGGAATTCCTAGTGTAGCGGTGAAATGCGTAGATATTAGGAGGAACACCAGTGGCGAAGGCGACTTTCTGGACTGTACCTGACGCTGAGGCGCGAAAGCGTGGGT","Bacteria","Firmicutes","Clostridia","Clostridiales",NA,NA
"GCAAGCGTTATCCGGATTTACTGGGTGTAAAGGGAGCGTAGGCGGCCTGGCAAGTCTGGTGTGAAAACCCGGGGCCCAACCCCGGGAGTGCATTGGAAACTGCCAGGCTGGAGTGCCGGAGGGGCAGGCGGAATTCCTAGTGTAGCGGTGAAATGCGTAGATATTAGGAGGAACACCGGTGGCGAAGGCGGCCTGCTGGACGGCAACTGACGCTGAGGCTCGAAAGCGTGGGG","Bacteria","Firmicutes","Clostridia","Clostridiales","Lachnospiraceae",NA
"GCAAGCGTTATCCGGATTTACTGGGTGTAAAGGGCGTGTAGGCGGGAGAGCAAGTCAGACGTGAAATTCCAGGGCTCAACCCTGGAACTGCGTTTGAAACTGTTCTTCTTGAGTGATGGAGAGGCAGGCGGAATTCCGTGTGTAGCGGTGAAATGCGTAGATATACGGAGGAACACCAGTGGCGAAGGCGGCCTGCTGGACATTAACTGACGCTGAGGCGCGAAAGCGTGGGG","Bacteria","Firmicutes","Clostridia","Clostridiales","Ruminococcaceae","Intestinimonas"
"GCAAGCGTTATCCGGATTCACTGGGTGTAAAGGGAGCGTAGACGGCGACGCAAGTCTGGAGTGAAAGCCCGGGGCCCAACCCCGGGACTGCTCTGGAAACTGCGTCGCTGGAGTACGGGAGGGGCAGGCGGAATTCCTGGTGTAGCGGTGAAATGCGTAGATATCAGGAGGAACACCGGCGGCGAAGGCGGCCTGCTGGACCGTGACTGACGTTGAGGCTCGAGAGCGTGGGG","Bacteria","Firmicutes","Clostridia","Clostridiales","Lachnospiraceae","Acetatifactor"
"GCAAGTGTTCTTCGGAATGACTGGGCGTAAAGGGCACGTAGGCGGTGAATCGGGTTGAAAGTGAAAGTCGCCAAAAAGTGGCGGAATGCTCTCGAAACCAATTCACTTGAGTGAGACAGAGGAGAGTGGAATTTCGTGTGTAGGGGTGAAATCCGTAGATCTACGAAGGAACGCCAAAAGCGAAGGCAGCTCTCTGGGTCCCTACCGACGCTGGGGTGCGAAAGCATGGGG","Bacteria",NA,NA,NA,NA,NA
"GCAAGCGTTATCCGGAATGACTGGGCGTAAAGGGTGCGTAGGTGGTTTGACAAGTTGGTAGCGTAACTCCGGGGCTCAACCTCGGCACTACTACCAAAACTGTTGGACTTGAGTGCAGGAGGGGCAAATGGAATTCCTAGTGTAGCGGTGGAATGCGTAGATATTAGGAGGAACACCAGTGGCGAAGGCGATTTGCTGGACTGTAACTGACACTGAGGCACGAAAGCGTGGGG","Bacteria","Firmicutes","Clostridia","Clostridiales",NA,NA
"GCAAGCGTTATCCGGATTTACTGGGTGTAAAGGGAGCGTAGACGGCGGTGCAAGCCAGATGTGAAAGCCCGGGGCTCAACCCCGGGACTGCATTTGGAACTGTGCTGCTAGAGTGTCGGAGAGGCAGGCGGAATTCCTAGTGTAGCGGTGAAATGCGTAGATATTAGGAGGAACACCAGTGGCGAAGGCGGCCTGCTGGACGATGACTGACGTTGAGGCTCGAAAGCGTGGGG","Bacteria","Firmicutes","Clostridia","Clostridiales","Lachnospiraceae","Dorea"
"GCAAGCGTTATCCGGATTTACTGGGTGTAAAGGGAGCGTAGACGGCTGTGCAAGTCTGAAGTGAAATGCCGGGGCCCAACCCCGGAACTGCTTTGGAAACTGTACAGCTAGAGTGCAGGAGGGGTGAGCGGAATTCCTAGTGTAGCGGTGAAATGCGTAGATATTAGGAGGAACACCGGTGGCGAAGGCGGCTCACTGGACTGTAACTGACGTTGAGGCTCGAAAGCGTGGGG","Bacteria","Firmicutes","Clostridia","Clostridiales","Lachnospiraceae",NA
"GCAAGCGTTATCCGGATTTACTGGGTGTAAAGGGAGCGTAGGCGGCCTGGCAAGTCTGGTGTGAAATACCGGGGCCCAACCCCGGGACTGCATTGGAAACTGCCAGGCTGGAGTGTCGGAGGGGCAGGCGGAATTCCTAGTGTAGCGGTGAAATGCGTAGATATTAGGAGGAACACCGGTGGCGAAGGCGGCCTGCTGGACGACAACTGACGCTGAGGCTCGAAAGCGTGGGG","Bacteria","Firmicutes","Clostridia","Clostridiales","Lachnospiraceae",NA
"GCAAGCGTTATCCGGAATTACTGGGTGTAAAGGGAGCGTAGACGGCAATGCAAGTCCGGAGTGGAATGCGGCAGCTCAACTGCCGAACTGCTCTGGAAACTGTATGGCTTGAGTGCAGGAGGGGTAAGCGGAATTCCTGGTGTAGCGGTGAAATGCGTAGATATCAGGAGGAACACCGGTGGCGAAGGCGGCTTACTGGACTGTAACTGACGTTGAGGCTCGAAAGCGTGGGG","Bacteria","Firmicutes","Clostridia","Clostridiales","Lachnospiraceae","Marvinbryantia"
"GCAAGCGTTATCCGGATTTACTGGGTGTAAAGGGAGCGTAGGCGGCAGGGCAAGCCTGATGTGAAAGCCCGGGGCTCAACCCCGGGACTGCATTGGGAACTGCCCTGCTGGAGTGCCGGAGGGGCAGGCGGAATTCCTAGTGTAGCGGTGAAATGCGTAGATATTAGGAGGAACACCAGTGGCGAAGGCGGCCTGCTGGACGGTGACTGACGCTGAGGCTCGAAAGCGTGGGG","Bacteria","Firmicutes","Clostridia","Clostridiales","Lachnospiraceae",NA
"GCAAGCGTTATCCGGATTTACTGGGTGTAAAGGGAGCGCAGGCGGTGCGGCAAGTCTGATGTGAAAGCCCGGGGCTCAACCCCGGGACTGCATTGGAAACTACCGAACTAGAGTGTCGGAGAGGTAAGTGGAATTCCTAGTGTAGCGGTGAAATGCGTAGATATTAGGAGGAACACCAGTGGCGAAGGCGGCTTACTGGACGATAACTGACGCTGAGGCTCGAAAGCGTGGGG","Bacteria","Firmicutes","Clostridia","Clostridiales","Lachnospiraceae","Roseburia"
"GCAAGCGTTATCCGGATTTACTGGGTGTAAAGGGAGCGTAGGTGGCATGGCAAGCCAGAAGTGAAAACCCGGGGCTTAACCCCGCGGATTGCTTTTGGAACTGTCAGGCTGGAGTGCAGGAGGGGCAGGCGGAATTCCTGGTGTAGCGGTGAAATGCGTAGATATCAGGAGGAACACCGGTGGCGAAGGCGGCCTGCTGGACTGTAACTGACACTGAGGCTCGAAAGCGTGGGG","Bacteria","Firmicutes","Clostridia","Clostridiales","Lachnospiraceae",NA
"GCAAGCGTTATCCGGAATTATTGGGTGTAAAGGGTGCGTAGACGGGATAACAAGTTGGTTGTGAAACCCCTCGGCTCAACTGAGGAACTGCAACCAAAACTATTATTCTTGAGTGCAGGAGAGGAAAGTGGAATTCCTAGTGTAGCGGTGAAATGCGTAGATATTAGGAAGAACACCGGTGGCGAAGGCGACTTTCTGGACTGTAACTGACGTTGAGGCACGAAAGTGTGGGG","Bacteria","Firmicutes","Clostridia","Clostridiales",NA,NA
"GCAAGCGTTATCCGGATTTACTGGGTGTAAAGGGCGTGTAGGCGGGACTGCAAGTCAGATGTGAAAACCACGGGCTCAACCTGTGGCCTGCATTTGAAACTGTAGTTCTTGAGTACTGGAGAGGCAGACGGAATTCCTAGTGTAGCGGTGAAATGCGTAGATATTAGGAGGAACACCAGTGGCGAAGGCGGTCTGCTGGACAGCAACTGACGCTGAGGCGCGAAAGCGTGGGG","Bacteria","Firmicutes","Clostridia","Clostridiales","Ruminococcaceae","Pseudoflavonifractor"
"GCAAGCGTTATCCGGATTTACTGGGTGTAAAGGGAGCGCAGGCGGCGCGTTAAGCCTGGTGTGAAAGCCCGCGGCCCAACCGCGGGACTGCATTGGGAACTGGCGCGCTGGAGTGCCGGAGGGGTAGGCGGAATTCCTAGTGTAGCGGTGAAATGCGTAGATATTAGGAGGAACACCAGTGGCGAAGGCGGCCTACTGGACGGTGACTGACGCTGAGGCTCGAAAGCGTGGGG","Bacteria","Firmicutes","Clostridia","Clostridiales","Lachnospiraceae",NA
"GCAAGCGTTATCCGGATTTACTGGGTGTAAAGGGAGCGTAGGTGGCAGGGCAAGTCAGATGTGAAAACCCGGGGCTCAACTCCGGGATTGCATTTGAAACTGTCCGGCTGGAGTGCAGGAGAGGTAAGTGGAATTCCTAGTGTAGCGGTGAAATGCATAGATATTAGGAGGAACACCAGTGGCGAAGGCGGCTTACTGGACTGTAACTGACACTGAGGCTCGAAAGCGTGGGG","Bacteria","Firmicutes","Clostridia","Clostridiales","Lachnospiraceae",NA
"GCAAGCGTTATCCGGATTTACTGGGTGTAAAGGGAGAGTAGGTGGCAGAGCAAGTCCGAAGTGAAAACCCAAAGCTCAACTATGGGAATGCTTTAGAAACTGCTCAGCTAGAGTGCAGGAGAGGCAAGTGGAATTCTTAGTGTAGCGGTGAAATGCGTAGATATTAGGAGGAACACCAGTGGCGAAGGCGGCTTGCTGGACTGTAACTGACACTGAGGCTCGAAAGCGTGGGG","Bacteria","Firmicutes","Clostridia","Clostridiales","Lachnospiraceae",NA
"GCAAGCGTTATCCGGATTCACTGGGCGTAAAGGGAGCGCAGGCGGCACGGCAAGTCTGGTGTGAAAGCCCGGGGCCCAACCCCGGGACTGCATTGGAAACTGCCGGGCTGGAGTGCCGGAGGGGTAAGCGGAATTCCTGGTGTAGCGGTGAAATGCGCAGATATCAGGAAGAACACCGGTGGCGGAGGCGGCTTACTGGACGGCAACTGACGCTGAGGCTCGAAAGCGTGGGG","Bacteria","Firmicutes","Clostridia","Clostridiales","Lachnospiraceae",NA
"GCAAGCGTTATCCGGATTTACTGGGTGTAAAGGGAGCGCAGGCGGTACGGCAAGTCTGATGTGAAAGCCCGGGGCTCAACCCCGGTACTGCATTGGAAACTGCCGGACTGGAGTGTCGGAGGGGTAAGCGGAATTCCTGGTGTAGCGGTGAAATGCGTAGATATCAGGAGGAACACCGGTGGCGAAGGCGGCTTACTGGACGATGACTGACGCTGAGGCTCGAAAGCGTGGGG","Bacteria","Firmicutes","Clostridia","Clostridiales","Lachnospiraceae","Roseburia"
"GCAAGCGTTATCCGGATTTACTGGGTGTAAAGGGAGCGTAGACGGATAAGCAAGTCTGATGTGAAAATCCGGGGCCCAACCCCGGAATTGCATTGGAAACTGCATATCTAGAGTGTCGGAGAGGCAAGTGGAATTCCTGGTGTAGCGGTGAAATGCGTAGATATCAGGAGGAACACCAGTGGCGAAGGCGGCTTGCTGGACGATGACTGACGTTGAGGCTCGAAAGCGTGGGG","Bacteria","Firmicutes","Clostridia","Clostridiales","Lachnospiraceae","Dorea"
"GCAAGCGTTATCCGGATTTACTGGGTGTAAAGGGAGCGTAGGCGGCAGGGCAAGCCTGATGTGAAAGCCCGGGGCTCAACCCCGGGACTGCATTGGGAACTGCCCCGCTCGAGTGCCGGAGGGGCAGGCGGAATTCCTAGTGTAGCGGTGAAATGCGTAGATATTAGGAGGAACACCAGTGGCGAAGGCGGCCTGCTGGACGGTGTACTGACGCTGAGGCTCGAAAGCGTGGGG","Bacteria","Firmicutes","Clostridia","Clostridiales","Lachnospiraceae",NA
"GCAAGCGTTATCCGGATTTACTGGGTGTAAAGGGAGCGTAGACGGCAGGGCAAGTCTGGAGTGAAAGCCCGGGGCCCAACCCCGGGACTGCTTTGGAAACTGCCATGCTGGAGTGCTGGAGAGGTAAGCGGAATTCCTAGTGTAGCGGTGAAATGCGTAGATATTAGGAGGAACACCAGTGGCGAAGGCGGCTTACTGGACAGTAACTGACGTTGAGGCTCGAAAGCGTGGGG","Bacteria","Firmicutes","Clostridia","Clostridiales","Lachnospiraceae","Clostridium_XlVa"
"GCGAGCGTTATCCGGATTCACTGGGCGTAAAGGGAGCGCAGGCGGCACGGCAAGTCCGGTGTGAAAGCCCGGGGCCCAACCCCGGGACTGCACTGGAAACTGCCGGGCTGGAGTGTCGGAGGGGCAGGCGGAATTCCTAGTGTAGCGGTGAAATGCGTAGATATTAGGAGGAACACCGGTGGCGAAGGCGGCCTGCTGGACGACGACTGACGCTGAGGCTCGAAAGCGTGGGG","Bacteria","Firmicutes","Clostridia","Clostridiales","Lachnospiraceae",NA
"GCAAGCGTTATCCGGATTTACTGGGTGTAAAGGGAGCGTAGACGGCAGTGCAAGTCTGGAGTGAAAGGCGGGGGCTCAACCCCCGGACTGCTCTGGAAACTGTACGGCTGGAGTGCAGGAGAGGTAAGTGGAATTCCTAGTGTAGCGGTGAAATGCGTAGATATTAGGAGGAACACCAGTGGCGAAGGCGGCTTACTGGACTGTAACTGACGTTGAGGCTCGAAAGCGTGGGG","Bacteria","Firmicutes","Clostridia","Clostridiales","Lachnospiraceae","Clostridium_XlVa"
"GCGAGCGTTATCCGGATTTACTGGGTGTAAAGGGAGCGTAGACGGCCATGCAAGCTCGGTGTGAAAGGTGCGGGCACAACCCGCAGACTGCACTGAGAACTGTATGGCTGGAGTGCCGGAGGGGCAGGCGGAATTCCTGGTGTAGCGGTGAAATGCGTAGATATCAGGAGGAACACCGGTGGCGAAGGCGGCCTGCTGGACGGCGACTGACGTTGAGGCTCGAAAGCGTGGGG","Bacteria","Firmicutes","Clostridia","Clostridiales","Lachnospiraceae","Marvinbryantia"
"GCAAGCGTTATCCGGATTTACTGGGTGTAAAGGGAGCGTAGACGGCTAATCAAGTCAGAAGTGAAAACCCAGGGCTCAACCTTGGGACTGCTTTTGAAACTGAGTAGCTAGAGTGCAGGAGAGGTAAGCGGAATTCCTAGTGTAGCGGTGAAATGCGTAGATATTAGGAGGAACACCAGTGGCGAAGGCGGCTTACTGGACTGTAACTGACGTTGAGGCTCGAAAGCGTGGGG","Bacteria","Firmicutes","Clostridia","Clostridiales","Lachnospiraceae",NA
"GCGAGCGTTATCCGGATTTACTGGGTGTAAAGGGAGCGCAGGCGGCGTGGCAAGTCAGATGTGAAAACCCGGGGCCCAACCCCGGGACTGCATTTGAAACTGCCATGCTGGAGTGCCGGAGAGGCAAGTGGAATTCCTAGTGTAGCGGTGAAATGCGTAGATATTAGGAGGAACACCAGTGGCGAAGGCGGCTTGCTGGACGGTAACTGACGCTGAGGCTCGAAAGCGTGGGG","Bacteria","Firmicutes","Clostridia","Clostridiales","Lachnospiraceae",NA
"GCAAGCGTTATCCGGAATTACTGGGTGTAAAGGGAGAGTAGGCGGCAAGGTAAGCGATATGTGAAAGCCTTAGGCTTAACCAAAGGATTGCATAACGAACTATCTAGCTAGAGTACAGGAGAGGAAAGCGGAATTCCTAGTGTAGCGGTGAAATGCGTAGATATTAGGAAGAACACCAGTGGCGAAGGCGGCTTTCTGGACTGAAACTGACGCTGAGGCTCGAAAGCGTGGGG","Bacteria","Firmicutes","Clostridia","Clostridiales","Lachnospiraceae","Clostridium_XlVb"
"GCAAGCGTTATCCGGAATCACTGGGTGTAAAGGGAGCGTAGACGGCTGAGCAAGCCTGAAGTGAAAGGCGGGGGCCCAACCCCCGGACTGCTTTGGGAACTGTACGGCTGGAGTGCAGGAGAGGTAAGTGGAATTCCTAGTGTAGCGGTGAAATGCGTAGATATTAGGAGGAACACCAGTGGCGAAGGCGGCTTACTGGACTGTAACTGACGTTGAGGCTCGAAAGCGTGGGG","Bacteria","Firmicutes","Clostridia","Clostridiales","Lachnospiraceae",NA
"GCAAGCGTTGTCCGGAATTACTGGGTGTAAAGGGAGCGTAGGCGGGGATGCAAGTTGGGTGTCAAAACTACCGGCTCAACCGATAGTCGCACTCAAAACTGCAGCTCTTGAGTGAAGTAGAGGCAGGCGGAATTCCTAGTGTAGCGGTGAAATGCGTAGATATTAGGAGGAACACCAGTGGCGAAGGCGGCCTGCTGGGCTTTTACTGACGCTGAGGCTCGAAAGTGTGGGG","Bacteria","Firmicutes","Clostridia","Clostridiales","Ruminococcaceae","Hydrogenoanaerobacterium"
"GCAAGCGTTATCCGGATTTACTGGGTGTAAAGGGAGCGTAGACGGCATAGCAAGTCTGATGTGAAAGATCGGGGCTCAACCCCGGGCCTGCATTGGAAACTGTTAAGCTGGAGTACAGGAGAGGTAAGCGGAATTCCTAGTGTAGCGGTGAAATGCGTAGATATTAGGAGGAACACCAGTGGCGAAGGCGGCTTACTGGACTGTAACTGACGTTGAGGCTCGAAAGCGTGGGG","Bacteria","Firmicutes","Clostridia","Clostridiales","Lachnospiraceae",NA
"GCGAGCGTTATCCGGATTTACTGGGTGTAAAGGGAGCGCAGGCGGCGTGGCAAGTCAGATGTGAAAACCCGGGGCCCAACCCCGGGACTGCATTTGAAACTGCCATGCTGGAGTGCCGGAGAGGTAAGTGGAATTCCTAGTGTAGCGGTGAAATGCGTAGATATTAGGAGGAACACCAGTGGCGAAGGCGGCTTACTGGACGGTAACTGACGCTGAGGCTCGAAAGCGTGGGG","Bacteria","Firmicutes","Clostridia","Clostridiales","Lachnospiraceae",NA
"GCGAGCGTTATCCGGATTTATTGGGCGTAAAGCGTGCGCAGGCGGTTTGTTAGGTCTAAAATTAAAGTCCGAAGCTTAACTTCGGTTCGTTTTAGAAACCGGCAGGCTTGAGTATGGTAGAGGCAAACGGAATTTCTAGTGTAGCGGTAAAATGCGTAGATATTAGAAGGAACACCAGTGGCGAAGGCGGTTTGCTGGGCCATTACTGACGCTCATGCACGAAAGCGTGGGG","Bacteria","Proteobacteria",NA,NA,NA,NA
"GCGAGCGTTATCCGGATTTATTGGGTTTAAAGGGTGCGTAGGCGGTTTGTCAAGTCAGCGGTAAAAATTCCGGGCTCAACCCGGTCCCGCCGTTGAAACTGGCGAACTCGAGAGGGAGAGAAGTAGGCGGAATGCGCAGTGTAGCGGTGAAATGCATAGATATTGCGCAGAACTCCGATTGCGAAGGCAGCCTACCGGCTCCTATCTGACGCTGAGGCACGAAAGCGTGGGT","Bacteria","Bacteroidetes","Bacteroidia","Bacteroidales","Porphyromonadaceae",NA
"GCAAGCGTTATCCGGAATGACTGGGTGTAAAGGGAGCGTAGACGGTTGTACAAGTCTGATGTGAAAGCCCACGGCTCAACTGTGGGAGTGCATTGGAAACTGTAGAACTAGAGTATCGGAGAGGCAAGTGGAATTCCTAGTGTAGCGGTGAAATGCGTAGATATTAGGAGGAACACCAGTGGCGAAGGCGGCTTGCTGGACGAAAACTGACGTTGAGGCTCGAAAGCGTGGGG","Bacteria","Firmicutes","Clostridia","Clostridiales","Lachnospiraceae",NA
"GCAAGCGTTAATCGGAATTACTGGGCGTAAAGCGCGCGTAGGTGGTTTGTTAAGTTGGATGTGAAATCCCCGGGCTCAACCTGGGAACTGCATTCAAAACTGACTGACTAGAGTATGGTAGAGGGTGGTGGAATTTCCTGTGTAGCGGTGAAATGCGTAGATATAGGAAGGAACACCAGTGGCGAAGGCGACCACCTGGACTAATACTGACACTGAGGTGCGAAAGCGTGGGG","Bacteria","Proteobacteria","Gammaproteobacteria","Pseudomonadales","Pseudomonadaceae","Pseudomonas"
"GCGAGCGTTATCCGGATTCATTGGGCGTAAAGCGCGCGTAGGCGGCCGCCTAAGCGGAACCTCTAACCCCGGGGCTCAACCTCGGGCCGGGTTCCGGACTGGGCGGCTCGAGTGCGGTAGAGGAGAGCGGAATTCCCGGTGTAGCGGTGGAATGCGCAGATATCGGGAAGAACACCGATGGCGAAGGCAGCTCTCTGGGCCGTCACTGACGCTGAGGCGCGAAAGCTGGGGG","Bacteria","Actinobacteria","Actinobacteria","Coriobacteriales","Coriobacteriaceae","Enterorhabdus"
"GCAAGCGTTATCCGGATTTACTGGGTGTAAAGGGAGCGTAGACGGTTAATCAAGTCAGAAGTGAAAACCCAGGGCTCAACCTTGGGACTGCTTTTGAAACTGAGTAGCTAGAGTGCAGGAGAGGTAAGCGGAATTCCTAGTGTAGCGGTGAAATGCGTAGATATTAGGAGGAACACCAGTGGCGAAGGCGGCTTACTGGACTGTAACTGACGTTGAGGCTCGAAAGCGTGGGG","Bacteria","Firmicutes","Clostridia","Clostridiales","Lachnospiraceae",NA
"GCGAGCGTTATCCGGATTCACTGGGTGTAAAGGGAGCGTAGACGGCCATGCAAGCCAGGGGTGAAAGCCCGGGGCCCAACCCCGGGACTGCCCTTGGAACTGCATGGCTGGAGTGCGGGAGGGGCAGGCGGAATTCCTGGTGTAGCGGTGAAATGCGTAGATATCAGGAGGAACACCGGCGGCGAAGGCGGCCTGCTGGACCGCGACTGACGTTGAGGCTCGAAAGCGTGGGG","Bacteria","Firmicutes","Clostridia","Clostridiales","Lachnospiraceae","Acetatifactor"
"GCAAGCGTTATCCGGATTTACTGGGTGTAAAGGGAGCGTAGGCGGTTTAGCAAGTCAGAAGTGAAAGCCCGGGGCTCAACTCCGGGACTGCTTTTGAAACTGTTGAACTAGATTGCAGGAGAGGTAAGTGGAATTCCTAGTGTAGCGGTGAAATGCGTAGATATTAGGAGGAACACCAGTGGCGAAGGCGGCTTACTGGACTGTAAATGACGCTGAGGCTCGAAAGCGTGGGG","Bacteria","Firmicutes","Clostridia","Clostridiales","Lachnospiraceae",NA
"GCAAGCGTTGTCCGGAATTATTGGGCGTAAAGAGTACGTAGGCGGTCTGTTAAGCGCAAGGTGAAAGGCATAGGCTCAACCAATGTGAGCCTTGCGAACTGGCAGACTTGAGTGCAGGAGAGGAAAGCGGAATTCCTAGTGTAGCGGTGAAATGCGTAGATATTAGGAGGAACACCGGTGGCGAAGGCGGCTTTCTGGACTGAAACTGACGCTGAGGTACGAAAGCGTGGGG","Bacteria","Firmicutes","Clostridia","Clostridiales",NA,NA
"GCAAGCGTTATCCGGATTTACTGGGTGTAAAGGGAGCGTAGACGGCGAAGAAAGTCTGAAGTGAAAGCCCGCGGCTTAACCGCGGAACTGCTTTGGAAACTTTTTTGCTGGAGTACCGGAGAGGTAAGCGGAATTCCTAGTGTAGCGGTGAAATGCGTAGATATTAGGAGGAACACCAGTGGCGAAGGCGGCTTACTGGACGGTAACTGACGTTGAGGCTCGAAAGCGTGGGG","Bacteria","Firmicutes","Clostridia","Clostridiales","Lachnospiraceae",NA
"GCAAGCGTTATCCGGATTTACTGGGTGTAAAGGGAGCGTAGACGGCAGGGCAAGCCAGAAGTGAAAACGCAGAGCTTAACTTTGCGACTGCTTTTGGAACTGCCCAGCTAGAGTACAGGAGAGGTAAGTGGAATTCCTAGTGTAGCGGTGAAATGCGTAGATATTAGGAGGAACACCAGTGGCGAAGGCGGCTTACTGGACTGAGACTGACGTTGAGGCTCGAAAGCGTGGGG","Bacteria","Firmicutes","Clostridia","Clostridiales","Lachnospiraceae",NA
"GCAAGCGTTGTCCGGAATGACTGGGCGTAAAGGGAGTGTAGGCGGCTCATCAAGTTAGATGTGAAATCCCGCGGCTTAACCGCGGAACTGCATCTAAAACTGGTAAGCTGGAGTGCAGGAGAGGTGAGTGGAATTCCTAGTGTAGCGGTGGAATGCGTAGATATTAGGAGGAACACCAGAGGCGAAGGCGACTCACTGGACTGTAACTGACGCTGAGGCTCGAAAGCGTGGGG","Bacteria","Firmicutes","Clostridia","Clostridiales",NA,NA
"GCAAGCGTTGTCCGGAATTACTGGGCGTAAAGGGTGCGTAGGCGGCGCAGTTAGTCAGAAGTGAAATATCGGGGCTTAACCCCGGGGCTGCTTCTGATACTGCTGTGCTCGAGTGCAGGAGAGGTAAGTGGAATTCCTAGTGTAGCGGTGAAATGCGTAGATATTAGGAGGAACACCAGTGGCGAAGGCGACTTACTGGACTGTAACTGACGCTGAGGCACGAAAGCGTGGGT","Bacteria","Firmicutes","Clostridia","Clostridiales",NA,NA
"GCAAGCGTTATCCGGATTTACTGGGTGTAAAGGGAGCGCAGGCGGTACGGCAAGTCTGATGTGAAAGCCCAGGGCTCAACCCTGGTACTGCATTGGAAACTGCCGGACTAGAGTGTCGGAGGGGTAAGTGGAATTCCTAGTGTAGCGGTGAAATGCGTAGATATTAGGAGGAACACCAGTGGCGAAGGCGGCTTACTGGACGATGACTGACGCTGAGGCTCGAAAGCGTGGGG","Bacteria","Firmicutes","Clostridia","Clostridiales","Lachnospiraceae","Roseburia"
"GCAAGCGTTATCCGGATTTACTGGGTGTAAAGGGAGCGTAGACGGCTGTACAAGTCTGAAGTGAAAGCCCGTGGCTCAACCGCGGAACTGCTTTGGAAACTGTAAAGCTGGAGTACTGGAGAGGCAGGCGGAATTCCTAGTGTAGCGGTGAAATGCGTAGATATTAGGAGGAACACCAGTGGCGAAGGCGGCCTGCTGGACAGAAACTGACGTTGAGGCTCGAAAGCGTGGGG","Bacteria","Firmicutes","Clostridia","Clostridiales","Lachnospiraceae",NA
"GCGAGCGTTATCCGGATTCACTGGGTGTAAAGGGAGCGTAGACGGCCATGCAAGCCAGGGGTGAAAGCCCGGGGCCCAACCCCGGGACTGCCCTTGGAACTGCATGGCTGGAGTGCGGGAGGGGCAGGCGGAATTCCTGGTGTAGCGGTGAAATGCGTAGATATCAGGAGGAACACCGGCGGCGAAGGCGGCCTGCTGGACTGCGACTGACGTTGAGGCTCGAAAGCGTGGGG","Bacteria","Firmicutes","Clostridia","Clostridiales","Lachnospiraceae","Acetatifactor"
"GCAAGCGTTATCCGGATTTACTGGGTGTAAAGGGAGCGTAGACGGCAGCGCAAGTCCGAAGTGAAAGCCCGGGGCCCAACCCCGGGACTGCTTTGGAAACTGTGAAGCTGGAGTGCGGGAGGGGCAGGCGGAATTCCTGGTGTAGCGGTGAAATGCGTAGATATCAGGAGGAACACCGGCGGCGAAGGCGGCCTGCTGGACCGTAACTGACGTTGAGGCTCGAAAGCGTGGGG","Bacteria","Firmicutes","Clostridia","Clostridiales","Lachnospiraceae","Acetatifactor"
"GCAAGCGTTATCCGGATTTACTGGGTGTAAAGGGAGCGCAGGCGGCACGGCAAGCCTGATGTGAAAGCCCGCGGCCCAACCGCGGGACTGCATTGGGAACTACCGGGCTGGAGTGCCGGAGAGGTAGGCGGAATTCCTAGTGTAGCGGTGAAATGCGTAGATATTAGGAGGAACACCAGTGGCGAAGGCGGCCTACTGGACGGTGACTGACGCTGAGGCTCGAAAGCGTGGGG","Bacteria","Firmicutes","Clostridia","Clostridiales","Lachnospiraceae",NA
"GCAAGCGTTGTCCGGATTTACTGGGTGTAAAGGGCGTGCAGCCGGAGAGACAAGTCAGATGTGAAATCCGCAGGCTCAACCTGCGAACTGCATTTGAAACTGTTTCCCTTGAGTATCGGAGAGGTCATCGGAATTCCTAGTGTAGCGGTGAAATGCGTAGATATTAGGAAGAACACCAGTGGCGAAGGCGGATGACTGGACGACAACTGACGGTGAGGCGCGAAAGCGTGGGG","Bacteria","Firmicutes","Clostridia","Clostridiales","Ruminococcaceae","Oscillibacter"
"GCGAGCGTTATCCGGATTTACTGGGTGTAAAGGGAGCGTAGACGGCTGGTCAAGTCTGAAGTGAAAGCCCGGGGCTTAACCCCGGAACGGCTTTGGAAACTGAGCAGCTAGAGTGCTGGAGAGGTAAGCGGAATTCCTAGTGTAGCGGTGAAATGCGTAGATATTAGGAGGAACACCAGTGGCGAAGGCGGCTTACTGGACAGTAACTGACGTTGAGGCTCGAAAGCGTGGGG","Bacteria","Firmicutes","Clostridia","Clostridiales","Lachnospiraceae",NA
"GCAAGCGTTATCCGGATTTACTGGGTGTAAAGGGAGCGCAGACGGCTGTGCAAGTCTGGAGTGAAAGGCGGGGGCCCAACCCCTGGACTGCTCTGGAAACTGTAAAGCTGGAGTGCAGGAGAGGTAAGCGGAATTCCTAGTGTAGCGGTGAAATGCGTAGATATTAGGAGGAACACCAGTGGCGAAGGCGGCTTACTGGACTGCAACTGACGTTGAGGCTCGAAAGCGTGGGG","Bacteria","Firmicutes","Clostridia","Clostridiales","Lachnospiraceae",NA
"GCAAGCGTTATCCGGATTTACTGGGTGTAAAGGGAGCGTAGGCGGTGCGCCAAGCTGGGTGTGAAAGGCCGGGGCTCAACCCCGGGACTGCACTCGGAACTGGCGTGCTAGAGTGTTGGAGAGGTAAGCGGAATTCCTAGTGTAGCGGTGAAATGCGTAGATATTAGGAGGAACACCAGTGGCGAAGGCGGCTTACTGGACAATAACTGACGCTGAGGCTCGAAAGCGTGGGG","Bacteria","Firmicutes","Clostridia","Clostridiales","Lachnospiraceae",NA
"GCAAGCGTTATCCGGATTTACTGGGTGTAAAGGGAGCGTAGACGGCAGTGCAAGTCCGGAGTGAAAGCCCGGGGCTCAACCCTGGGACTGCTCTGGAAACTGTAAAGCTGGAGTGCGGGAGGGGCAGGCGGAATTCCTGGTGTAGCGGTGAAATGCGTAGATATCAGGAGGAACACCGGCGGCGAAGGCGGCCTGCTGGACCGTAACTGACGTTGAGGCTCGAAAGCGTGGGG","Bacteria","Firmicutes","Clostridia","Clostridiales","Lachnospiraceae","Acetatifactor"
"GCAAGCGTTGTCCGGAATTACTGGGTGTAAAGGGAGCGTAGGCGGGAAGCCAAGTCAGCTGTGAAAACTACGGGCTTAACCTGTAGACTGCAGTTGAAACTGGCTTTCTTGAGTGAAGTAGAGGTTGGCGGAATTCCGAGTGTAGCGGTGAAATGCGTAGATATTCGGAGGAACACCGGTGGCGAAGGCGGCCAACTGGGCTTTAACTGACGCTGAGGCTCGAAAGTGTGGGG","Bacteria","Firmicutes","Clostridia","Clostridiales","Ruminococcaceae",NA
"GCAAGCGTTATCCGGATTTACTGGGTGTAAAGGGAGCGTAGACGGCAGCGCAAGCCTGGAGTGAAAGGATGGGGCCCAACCCCATGACTGCTCTGGGAACTGTGCGGCTAGAGTGCCGGAGGGGTAAGCGGAATTCCTAGTGTAGCGGTGAAATGCGTAGATATTAGGAGGAACACCAGTGGCGAAGGCGGCTTACTGGACGGTAACTGACGTTGAGGCTCGAAAGCGTGGGG","Bacteria","Firmicutes","Clostridia","Clostridiales","Lachnospiraceae",NA
"GCGAGCGTTATCCGGATTTACTGGGTGTAAAGGGAGCGTAGACGGCTGGGCAAGCCTGATGTGAAAGGCGGGGGCGCAACCCTCGGACTGCATTGGGAACTGTCCGGCTGGAGCGCCGGAGGGGTAAGCGGAATTCCTGGTGTAGCGGTGAAATGCGTAGATATCAGGAGGAACACCGGTGGCGAAGGCGGCTTACTGGACGGCGACTGACGTTGATGCTCGAAAGCGTGGGG","Bacteria","Firmicutes","Clostridia","Clostridiales","Lachnospiraceae",NA
"GCGAGCGTTATCCGGAATTATTGGGTGTAAAGGGTGCGTAGACGGGAAAACAAGTTAGTTGTGAAATCCCTCGGCTTAACTGAGGAACTGCAACTAAAACTATTTTTCTTGAGTGCAGGAGAGGTAAGTGGAATTCCTAGTGTAGCGGTGAAATGCGTAGATATTAGGAGGAACACCAGTGGCGAAGGCGACTTACTGGACTGTAACTGACGTTGAGGCACGAAAGTGTGGGG","Bacteria","Firmicutes","Clostridia","Clostridiales",NA,NA
"GCAAGCGTTATCCGGATTTACTGGGTGTAAAGGGAGCGTAGGCGGCGATGCAAGTCAGAAGTGAAAGCCCGGGGCTCAACTCCGGGACTGCTTTTGAAACTGTGTTGCTAGATTGCAGGAGAGGTAAGTGGAATTCCTAGTGTAGCGGTGAAATGCGTAGATATTAGGAGGAACACCAGTGGCGAAGGCGGCTTACTGGACTGTAAATGACGCTGAGGCTCGAAAGCGTGGGG","Bacteria","Firmicutes","Clostridia","Clostridiales","Lachnospiraceae","Clostridium_XlVa"
"GCAAGCGTTATCCGGAATGACTGGGCGTAAAGGGTGCGTAGGTGGTTTGACAAGTTGGTAGCGTAACTCCGAGGCTTAACCTCGGCACTACTACCAAAACTGTTGGACTCGAGTGCAGGAGGGGCAAATGGAATTCCTAGTGTAGCGGTGGAATGCGTAGATATTAGGAGGAACACCAGTGGCGAAGGCGATTTGCTGGACTGTAACTGACACTGAGGCACGAAAGCGTGGGG","Bacteria","Firmicutes","Clostridia","Clostridiales",NA,NA
"GCAAGCGTTATCCGGATTTACTGGGTGTAAAGGGAGCGTAGACGGCCAGACAAGTCAGAAGTGAAAGCCCAGGGCTCAACCCTGGGACTGCTTTTGAAACTGCCGGGCTGGAGTGCAGGAGAGGTAAGCGGAATTCCTAGTGTAGCGGTGAAATGCGTAGATATTAGGAGGAACACCAGTGGCGAAGGCGGCTTACTGGACTGTAACTGACGTTGAGGCTCGAAAGCGTGGGG","Bacteria","Firmicutes","Clostridia","Clostridiales","Lachnospiraceae","Clostridium_XlVa"
"GCAAGCGTTATCCGGATTTACTGGGTGTAAAGGGAGCGTAGACGGCTAAGCAAGTCTGAAGTGAAAGCCCGGGGCTTAACCCCGGGACTGCTTTGGAAACTGTTAAGCTAGAGTGCTGGAGAGGTAAGTGGAATTCCTAGTGTAGCGGTGAAATGCGTAGATATTAGGAGGAACACCAGTGGCGAAGGCGGCTTACTGGACAGTAACTGACGTTGAGGCTCGAAAGCGTGGGG","Bacteria","Firmicutes","Clostridia","Clostridiales","Lachnospiraceae",NA
"GCAAGCGTTATCCGGATTTACTGGGTGTAAAGGGAGCGTAGACGGCAATGCAAGCCAGATGTGAAAACCCGCAGCTCAACTGGGGGAGTGCATTTGGAACTGTGTAGCTAGAGTGCAGGAGAGGTAAGCGGAATTCCTGGTGTAGCGGTGAAATGCGTAGATATCAGGAGGAACACCAGTGGCGAAGGCGGCTTACTGGACTGTAACTGACGTTGAGGCTCGAAAGCGTGGGG","Bacteria","Firmicutes","Clostridia","Clostridiales","Lachnospiraceae","Eisenbergiella"
"GCAAGCGTTGTCCGGATTTACTGGGTGTAAAGGGCGTGTAGCCGGGCTGACAAGTCAGATGTGAAATTCCGGGGCTCAACCCCGGACCTGCATTTGAAACTGTTGGTCTTGAGTATCGGAGAGGCAGGCGGAATTCCTAGTGTAGCGGTGAAATGCGTAGATATTAGGAGGAACACCAGTGGCGAAGGCGGCCTGCTGGACGACAACTGACGGTGAGGCGCGAAAGCGTGGGG","Bacteria","Firmicutes","Clostridia","Clostridiales","Ruminococcaceae","Sporobacter"
"GCAAGCGTTATCCGGATTTACTGGGTGTAAAGGGTGAGTAGGCGGTTCGGCAAGTCATATGTGAAATACCTGGGCTCAACCCAGGAACCGCATAAGAAACTGTCGGACTTGAGTACAGGAGAGGTAAGCGGAATTCCCAGTGTAGCGGTGAAATGCGTAGATATTGGGAAGAACACCGGTGGCGAAGGCGGCTTACTGGACTGAAACTGACGCTGAGTCACGAAAGCGTGGGG","Bacteria","Firmicutes","Clostridia","Clostridiales","Lachnospiraceae","Clostridium_XlVb"
"GCAAGCGTTATCCGGATTTACTGGGTGTAAAGGGAGCGTAGGCGGCAAGGTAAGCCAGAAGTGAAAGCCCGCGGCTCAACTGCGGGACTGCTTTTGGAACTATCTAGCTAGATTGCAGGAGAGGTAAGTGGAATTCCTAGTGTAGCGGTGAAATGCGTAGATATTAGGAGGAACACCAGTGGCGAAGGCGGCTTACTGGACTGTAAATGACGCTGAGGCTCGAAAGCGTGGGG","Bacteria","Firmicutes","Clostridia","Clostridiales","Lachnospiraceae",NA
"GCAAGCGTTATCCGGATTCACTGGGTGTAAAGGGAGCGTAGACGGCGACGCAAGTCTGGAGTGAAAGCCCGGGGCCCAACCCCGGGACTGCTCTGGAAACTGCGGCGCTGGAGTACGGGAGGGGCAGGCGGAATTCCTGGTGTAGCGGTGAAATGCGTAGATATCAGGAGGAACACCGGCGGCGAAGGCGGCCTGCTGGACCGTGACTGACGTTGAGGCTCGAGAGCGTGGGG","Bacteria","Firmicutes","Clostridia","Clostridiales","Lachnospiraceae","Acetatifactor"
"GCGAGCGTTATCCGGATTTACTGGGTGTAAAGGGCGTGTAGGCGGGATGGCAAGTCAGGCGTGAAAACTATGGGCTCAACCCATAGCCTGCGTTTGAAACTGTCGTTCTTGAGTGATGGAGAGGCAAGCGGAATTCCGTGTGTAGCGGTGAAATGCGTAGATATACGGAGGAACACCAGTGGCGAAGGCGGCTTGCTGGACATTAACTGACGCTGAGGCGCGAAAGCGTGGGG","Bacteria","Firmicutes","Clostridia","Clostridiales","Ruminococcaceae","Intestinimonas"
"GCAAGCGTTAATCGGAATTACTGGGCGTAAAGCGCACGCAGGCGGTTTGTTAAGTCAGATGTGAAATCCCCGGGCTCAACCTGGGAACTGCATCTGATACTGGCAAGCTTGAGTCTCGTAGAGGGGGGTAGAATTCCAGGTGTAGCGGTGAAATGCGTAGAGATCTGGAGGAATACCGGTGGCGAAGGCGGCCCCCTGGACGAAGACTGACGCTCAGGTGCGAAAGCGTGGGG","Bacteria","Proteobacteria","Gammaproteobacteria","Enterobacteriales","Enterobacteriaceae","Escherichia/Shigella"
"GCAAGCGTTATCCGGATTTACTGGGTGTAAAGGGAGCGTAGACGGCTGTGCAAGCCAGATGTGAAAGCCCGGGGCTCAACCCCGGGACTGCATTTGGAACTGTGTGGCTGGAGTGTCGGAGAGGCAGGCGGAATTCCTAGTGTAGCGGTGAAATGCGTAGATATTAGGAGGAACACCAGTGGCGAAGGCGGCCTGCTGGACGATGACTGACGTTGAGGCTCGAAAGCGTGGGG","Bacteria","Firmicutes","Clostridia","Clostridiales","Lachnospiraceae","Dorea"
"GCAAGCGTTGTCCGGAATTACTGGGTGTAAAGGGAGCGTAGGCGGGAGGATAAGTTGAATGTGAAATCTATGGGCTCAACCCATAGCTGCGTTCAAAACTGTTCTTCTTGAGTGAAGTAGAGGCAGGCGGAATTCCTAGTGTAGCGGTGAAATGCGTAGATATTAGGAGGAACACCAGTGGCGAAGGCGGCCTGCTGGGCTTTTACTGACGCTGAGGCTCGAAAGCGTGGGT","Bacteria","Firmicutes","Clostridia","Clostridiales","Ruminococcaceae",NA
"GCGAGCGTTATCCGGATTCACTGGGTGTAAAGGGAGCGTAGACGGCCAAGCAAGCCAGGGGTGAAAGCCCGGGGCCCAACCCCGGGACTGCCCTTGGAACTGCATGGCTGGAGTGCGGGAGGGGCAGGCGGAATTCCTGGTGTAGCGGTGAAATGCGTAGATATCAGGAGGAACACCGGCGGCGAAGGCGGCCTGCTGGACCGCGACTGACGTTGAGGCTCGAAAGCGTGGGG","Bacteria","Firmicutes","Clostridia","Clostridiales","Lachnospiraceae","Acetatifactor"
"GCAAGCGTTATCCGGATTCACTGGGTGTAAAGGGAGCGTAGACGGCGAGACAAGTCTGGAGTGAAAGGCCGGGGCCCAACCCCGGGACTGCTCTGGAAACTGCCTGGCTGGAGTACAGGAGAGGTAAGTGGAATTCCTAGTGTAGCGGTGAAATGCGTAGATATTAGGAGGAACACCAGTGGCGAAGGCGGCTTACTGGACTGTAACTGACGTTGAGGCTCGAAAGCGTGGGG","Bacteria","Firmicutes","Clostridia","Clostridiales","Lachnospiraceae",NA
"GCAAGCGTTATCCGGATTTACTGGGTGTAAAGGGAGCGTAGACGGCATTGCAAGTCCGGAGTGAAAGCCCACGGCCCAACCGTGGGACTGCTCTGGAAACTGTAGAGCTGGAGTGCGGGAGGGGCAGGCGGAATTCCTAGTGTAGCGGTGAAATGCGTAGATATTAGGAGGAACACCGGCGGCGAAGGCGGCCTGCTGGACCGTAACTGACGTTGAGGCTCGAAAGCGTGGGG","Bacteria","Firmicutes","Clostridia","Clostridiales","Lachnospiraceae","Acetatifactor"
"GCAAGCGTTGTCCGGAATTACTGGGTGTAAAGGGAGCGTAGGCGGGAAAGCAAGTTGAATGTTTAAGGTACGGGCTCAACCTGTACAAGCGTTCAAAACTGTTTTTCTTGAGTGGAGTAGAGGTAAGCGGAATTCCTAGTGTAGCGGTGAAATGCGTAAATATTAGGAGGAACACCAGTGGCGAAGGCGGCTTACTGGGCTTTAACTGACGCTGAGGCTCGAAAGCGTGGGT","Bacteria","Firmicutes","Clostridia","Clostridiales","Ruminococcaceae",NA
"GCAAGCGTTATCCGGATTTACTGGGTGTAAAGGGAGCGTAGGCGGCGCGTTAAGTCTGATGTGAAAACCCGAGGCTCAACCACGGGAGTGCATTGGAAACTGGCGAGCTGGAGTGCCGGAGAGGTAAGCGGAATTCCTAGTGTAGCGGTGAAATGCGTAGATATTAGGAGGAACACCAGTGGCGAAGGCGGCTTACTGGACGGCAACTGACGCTGAGGCTCGAAAGCGTGGGG","Bacteria","Firmicutes","Clostridia","Clostridiales","Lachnospiraceae",NA
"GCAAGCGTTATCCGGATTTACTGGGTGTAAAGGGGGCGCAGACGGCAATGCAAGCCAGGAGTGAAAGCCCGGGGCCCAACCCCGGGACTGCTCTTGGAACTGCATGGCTGGAGTACAGGAGGGGCAGGCGGAATTCCTAGTGTAGCGGTGAAATGCGTAGATATTAGGAGGAACACCGGTGGCGAAGGCGGCCTGCTGGACTGTGACTGACGTTGAGGCCCGAAGGCGTGGGG","Bacteria","Firmicutes","Clostridia","Clostridiales","Lachnospiraceae","Stomatobaculum"
"GCAAGCGTTATCCGGATTTACTGGGTGTAAAGGGAGCGTAGACGGCGGCGCAAGCCAGATGTGAAAGCCCGGGGCTCAACCCCGGGACTGCATTTGGAACTGTGCTGCTAGAGTGTCGGAGAGGCAGGCGGAATTCCTAGTGTAGCGGTGAAATGCGTAGATATTAGGAGGAACACCAGTGGCGAAGGCGGCCTGCTGGACGATGACTGACGTTGAGGCTCGAAAGCGTGGGG","Bacteria","Firmicutes","Clostridia","Clostridiales","Lachnospiraceae","Dorea"
"GCGAGCGTTGTCCGGAATTACTGGGTGTAAAGGGAGCGTAGGCGGGATTGCAAGTTGGATGTGAAAACTGCGGGCTCAACCCGGAGAGTGCATTCAAAACTGCGATTCTTGAGTGAAGTAGAGGCAAGCGGAATTCCTAGTGTAGCGGTGAAATGCGTAGATATTAGGAGGAACACCAGTGGCGAAGGCGGCTTGCTGGGCTTTTACTGACGCTGAGGCTCGAAAGTGTGGGG","Bacteria","Firmicutes","Clostridia","Clostridiales","Ruminococcaceae",NA
"GCGAGCGTTATCCGGAATTACTGGGTGTAAAGGGAGCGTAGACGGCGAGGTAAGCCTGAAGTGGAAGCCCGCGGCCCAACCGCGGAACTGCTTTGGGAACTGTTTTGCTGGAGTATGGGAGGGGTAAGCGGAATTCCTGGTGTAGCGGTGAAATGCGTAGATATCAGGAGGAACACCGGTGGCGAAGGCGGCTTACTGGACCATAACTGACGTTGAGGCTCGAAAGCGTGGGG","Bacteria","Firmicutes","Clostridia","Clostridiales","Lachnospiraceae",NA
"GCAAGCGTTATCCGGAATGATTGGGCGTAAAGCGTCTGTAGGTGGCTTTTTAAGTTCGCCGTCAAATCCCAGGGCTCAACCCTGGACAGGCGGTGGAAACTACCAAGCTGGAGTACGGTAGGGGCAGAGGGAATTTCCGGTGGAGCGGTGAAATGCGTAGAGATCGGAAAGAACACCAACGGCGAAAGCACTCTGCTGGGCCGACACTGACACTGAGAGACGAAAGCTAGGGG","Bacteria","Cyanobacteria/Chloroplast","Chloroplast","Chloroplast","Streptophyta",NA
"GCAAGCGTTATCCGGATTTATTGGGTGTAAAGGGCGTGTAGGCGGGAAAGCAAGTCAGATGTGAAAACTCAGGGCTCAACCCTGAGCCTGCATTTGAAACTGTTTTTCTTGAGTGCTGGAGAGGCAATCGGAATTCCGTGTGTAGCGGTGAAATGCGTAGATATACGGAGGAACACCAGTGGCGAAGGCGGATTGCTGGACAGTAACTGACGCTGAGGCGCGAAAGCGTGGGG","Bacteria","Firmicutes","Clostridia","Clostridiales","Ruminococcaceae","Flavonifractor"
"GCAAGCGTTATCCGGATTTACTGGGTGTAAAGGGCGTGTAGGCGGGCATGCAAGCCAGAAGTGAAATCTGGGGGCTTAACCCCCAAACTGCTTTTGGAACTGCGTGTCTTGAGTGATGGAGAGGCAGGCGGAATTCCCAGTGTAGCGGTGAAATGCGTAGATATTGGGAGGAACACCAGTGGCGAAGGCGGCCTGCTGGACATTAACTGACGCTGAGGCGCGAAAGCGTGGGG","Bacteria","Firmicutes","Clostridia","Clostridiales","Ruminococcaceae","Butyricicoccus"
"TCAAGCGTTGTTCGGAATCACTGGGCGTAAAGCGTGCGTAGGCTGTTTCGTAAGTCGTGTGTGAAAGGCGCGGGCTCAACCCGCGGACGGCACATGATACTGCGAGACTAGAGTAATGGAGGGGGAACCGGAATTCTCGGTGTAGCAGTGAAATGCGTAGATATCGAGAGGAACACTCGTGGCGAAGGCGGGTTCCTGGACATTAACTGACGCTGAGGCACGAAGGCCAGGGG","Bacteria","Verrucomicrobia","Verrucomicrobiae","Verrucomicrobiales","Verrucomicrobiaceae","Akkermansia"
"GCGAGCGTTATCCGGATTCATTGGGCGTAAAGCGCGCGTAGGCGGCCGCCTAAGCGGGACCTCTAACCCCGGGGCTCAACCCCGGGCCGGGTCCCGGACTGGGCGGCTCGAGTGCGGTAGAGGAGAGCGGAATTCCCGGTGTAGCGGTGGAATGCGCAGATATCGGGAAGAACACCGATGGCGAAGGCAGCTCTCTGGGCCGTCACTGACGCTGAGGCGCGAAAGCTGGGGG","Bacteria","Actinobacteria","Actinobacteria","Coriobacteriales","Coriobacteriaceae","Enterorhabdus"
"GCAAGCGTTATCCGGATTTACTGGGTGTAAAGGGAGCGTAGACGGCGATGCAAGCCAGATGTGAAAGCCCGCGGCTCAACTGCGGTAGTGCATTTGGAACTGTATGGCTGGAGTGCAGGAGAGGCAGGCGGAATTCCTAGTGTAGCGGTGAAATGCGTAGATATTAGGAGGAACACCAGTGGCGAAGGCGGCCTGCTGGACTGTAACTGACGTTGAGGCTCGAAAGCGTGGGG","Bacteria","Firmicutes","Clostridia","Clostridiales","Lachnospiraceae",NA
"GCAAGCGTTATCCGGATTCACTGGGTGTAAAGGGAGCGTAGACGGCGACGCAAGTCTGGAGTGAAAGCCCGGGGCCCAACCCCGGGACTGCTCTGGAAACTGCGCCGCTGGAGTACGGGAGGGGCAGGCGGAATTCCTGGTGTAGCGGTGAAATGCGTAGATATCAGGAGGAACACCGGCGGCGAAGGCGGCCTGCTGGACCGTGACTGACGTTGAGGCTCGAGAGCGTGGGG","Bacteria","Firmicutes","Clostridia","Clostridiales","Lachnospiraceae","Acetatifactor"
"GCAAGCGTTATCCGGATTTATTGGGTGTAAAGGGTGCGTAGATGGATAAACAAGTTGTTTGTGAAATACCTCGGCTCAACTGAGGAACTGCAAGCAAAACTGTATATCTTGAGTACTGGAGGGGAAAGCGGAATTCCTAGTGTAGCGGTGAAATGCGTAGATATTAGGAAGAACACCGGTGGCGAAGGCGGCTTTCTGGACAGAAACTGACATTGAGGCACGAAAGTGTGGGG","Bacteria","Firmicutes","Clostridia","Clostridiales",NA,NA
"GCAAGCGTTGTTCGGAATAACTGGGCGTAAAGGATGCGTAGGCGGTTAAACAAGTTATATGTTAAATATATAGGCTTAACCTGTAGAAAGCATATAAAACTGTTTAACTAGAGTGCAGGAGAGGTAAGTGGAATTCCTAGTGTAGCGGTGAAATGCGTAGAGATTAGGAAGAACACCAGTGGCGAAGGCGACTTACTGGACTGTAACTGACGCTGAGGCATGAGAGCATGGGG","Bacteria","Firmicutes","Clostridia","Clostridiales",NA,NA
"GCGAGCGTTGTCCGGAATTACTGGGTGTAAAGGGAGCGTAGGCGGGACTGCAAGTTGGGTGTCAAATCTACCGGCTCAACCGGTAGCCGCACTCAAAACTGCAGTTCTTGAGTGAAGTAGAGGCAGGCGGAATTCCTAGTGTAGCGGTGAAATGCGTAGATATTAGGAGGAACACCAGTGGCGAAGGCGGCCTGCTGGGCTTTTACTGACGCTGAGGCTCGAAAGTGTGGGG","Bacteria","Firmicutes","Clostridia","Clostridiales","Ruminococcaceae","Hydrogenoanaerobacterium"
"GCAAGCGTTATCCGGATTTACTGGGTGTAAAGGGAGCGCAGGCGGTTCTGCAAGTCTGATGTGAAAGCCCGGGGCTCAACCGCGGGACTGCATTGGAAACTGCGGGACTGGAGTGTCGGAGGGGTAAGCGGAATTCCTGGTGTAGCGGTGAAATGCGTAGATATCAGGAGGAACACCGGTGGCGAAGGCGGCTTACTGGACGATGACTGACGCTGAGGCTCGAAAGCGTGGGG","Bacteria","Firmicutes","Clostridia","Clostridiales","Lachnospiraceae","Shuttleworthia"
"GCAAGCGTTATCCGGATTTACTGGGTGTAAAGGGAGCGTAGGCGGTAAGGCAAGTCTGATGTGAAAGGCCAGGGCTCAACCCTGGGACTGCATTGGAAACTGTTTAACTGGAGTGTCGGAGAGGCAAGTGGAATTCCTAGTGTAGCGGTGAAATGCGTAGATATTAGGAGGAACACCAGTGGCGAAGGCGGCTTGCTGGACGATGACTGACGCTGAGGCTCGAAAGCGTGGGG","Bacteria","Firmicutes","Clostridia","Clostridiales","Lachnospiraceae",NA
"GCAAGCGTTATCCGGATTTACTGGGTGTAAAGGGAGCGTAGGTGGCGTGCCAAGTCAGGAGTGAAAACCCAGGGCCCAACTCTGGGACTGCTCTTGAAACTGGCAGGCTTGAGTGCTGGAGAGGTAAGCGGAATTCCTAGTGTAGCGGTGAAATGCGTAGATATTAGGAGGAACACCAGTGGCGAAGGCGGCTTACTGGACAGTGACTGACACTGAGGCTCGAAAGCGTGGGG","Bacteria","Firmicutes","Clostridia","Clostridiales",NA,NA
"GCAAGCGTTATCCGGAATTACTGGGTGTAAAGGGAGAGTAGGCGGCAAGGTAAGCGATATGTGAAAGCCTTAAGCTTAACTTAAGGATGGCATAACGAACTATCTAGCTAGAGTACAGGAGAGGAAAGCGGAATTCCTAGTGTAGCGGTGAAATGCGTAGATATTAGGAAGAACACCAGTGGCGAAGGCGGCTTTCTGGACTGAAACTGACGCTGAGGCTCGAAAGCGTGGGG","Bacteria","Firmicutes","Clostridia","Clostridiales","Lachnospiraceae","Clostridium_XlVb"
"GCGAGCGTTGTCCGGAATTACTGGGTGTAAAGGGAGCGTAGGCGGGCTTGTAAGTTGAATGTCTAATCCACCGGCTCAACCGGTGATCGCGTTCAAAACTGCAGGTCTTGAGTGAAGTAGAGGCAGGCGGAATTCCTAGTGTAGCGGTGAAATGCGTAGATATTAGGAGGAACACCAGTGGCGAAGGCGGCCTGCTGGGCTTTAACTGACGCTGAGGCTCGAAAGCGTGGGG","Bacteria","Firmicutes","Clostridia","Clostridiales","Ruminococcaceae",NA
"GCAAGCGTTATCCGGATTTACTGGGTGTAAAGGGCGTGTAGGCGGGACTGCAAGTCAGATGTGAAACCCATGGGCTCAACCCATGGCCTGCATTTGAAACTGTAGTTCTTGAGTGATGGAGAGGCAGGCGGAATTCCGTGTGTAGCGGTGAAATGCGTAGATATACGGAGGAACACCAGTGGCGAAGGCGGCCTGCTGGACATTAACTGACGCTGAGGCGCGAAAGCGTGGGG","Bacteria","Firmicutes","Clostridia","Clostridiales","Ruminococcaceae","Intestinimonas"
"CCGAGCGTTATCCGGATTTATTGGGCGTAAAGCGAGCGCAGGCGGTTGGATAAGTCTGAAGTTAAAGGCTGTGGCTCAACCATAGTATGCTTTGGAAACTGTTCAACTTGAGTGCAGAAGGGGAGAGTGGAATTCCATGTGTAGCGGTGGAATGCGTAGATATATGGAGGAACACCGGTGGCGAAAGCGGCTCTCTGGTCTGTAACTGACGCTGAGGCTCGAAAGCGTGGGT","Bacteria","Firmicutes","Bacilli","Lactobacillales","Streptococcaceae","Streptococcus"
"GCGAGCGTTGTCCGGAATGACTGGGCGTAAAGGGAGTGTAGGCGGCTCTTTAAGTTATATGTGAAATCCCGCGGCTTAACCGTGGAAGTGCATATAAAACTGGGGAGCTGGAGTGCAGGAGAGGTGAGTGGAATTCCTAGTGTAGCGGTGGAATGCGTAGATATTAGGAAGAACACCGGTGGCGAAGGCGGCTCACTGGACTGTAACTGACGCTGAGGCTCGAAAGCGTGGGG","Bacteria","Firmicutes","Clostridia","Clostridiales",NA,NA
"GCGAGCGTTATCCGGATTCATTGGGCGTAAAGCGCGCGCAGGCGGACTCATAAGCGGAGCCTTTAATCTTGGGGCTTAACCTCAAGTCGGGCCCCGAACTGTGAGTCTCGAGTGTGGTAGGGGAAGGCGGAATTCCCGGTGTAGCGGTGGAATGCGCAGATATCGGGAAGAACACCGATGGCGAAGGCAGCCTTCTGGGCCATCACTGACGCTGAGGCGCGAAAGCTAGGGG","Bacteria","Actinobacteria","Actinobacteria","Coriobacteriales","Coriobacteriaceae",NA
"GCAAGCGTTATCCGGATTTACTGGGTGTAAAGGGAGCGTAGGCGGCAAGGTAAGCCAGAAGTGAAAGCCCGTGGCTCAACTGCGGGACTGCTTTTGGAACTATCTAGCTAGATTGCAGGAGAGGTAAGTGGAATTCCTAGTGTAGCGGTGAAATGCGTAGATATTAGGAGGAACACCAGTGGCGAAGGCGGCTTACTGGACTGTAAATGACGCTGAGGCTCGAAAGCGTGGGG","Bacteria","Firmicutes","Clostridia","Clostridiales","Lachnospiraceae",NA
"GCAAGCGTTATCCGGATTTACTGGGTGTAAAGGGAGCGTAGGCGGTTCAGCAAGTCAGAAGTGAAAGCCCGGGGCTCAACTCCGGGACTGCTTTTGAAACTGTTGAACTAGATTGCAGGAGAGGTAAGTGGAATTCCTAGTGTAGCGGTGAAATGCGTAGATATTAGGAGGAACACCAGTGGCGAAGGCGGCTTACTGGACTGTAAATGACGCTGAGGCTCGAAAGCGTGGGG","Bacteria","Firmicutes","Clostridia","Clostridiales","Lachnospiraceae",NA
"GCAAGCGTTATCCGGAATGATTGGGCGTAAAGCGTCTGTAGGTGGCTTTTCAAGTCCGCCGTCAAATCCCAGGGCTCAACCCTGGACAGGCGGTGGAAACTACCAAGCTGGAGTACGGTAGGGGCAGAGGGAATTTCCGGTGGAGCGGTGAAATGCATTGAGATCGGAAAGAACACCAACGGCGAAAGCACTCTGCTGGGCCGACACTGACACTGAGAGACGAAAGCTAGGGG","Bacteria","Cyanobacteria/Chloroplast","Chloroplast","Chloroplast","Streptophyta",NA
"GCAAGCGTTATCCGGATTTACTGGGTGTAAAGGGAGCGTAGACGGCTAATCAAGTCAGAAGTGAAAACCCAGGGCTCAACTTTGGGACTGCTTTTGAAACTGAGTAGCTAGAGTGCAGGAGAGGTAAGCGGAATTCCTAGTGTAGCGGTGAAATGCGTAGATATTAGGAGGAACACCAGTGGCGAAGGCGGCTTACTGGACTGTAACTGACGTTGAGGCTCGAAAGCGTGGGG","Bacteria","Firmicutes","Clostridia","Clostridiales","Lachnospiraceae","Clostridium_XlVa"
"GCAAGCGTTATCCGGATTTACTGGGTGTAAAGGGAGCGTAGACGGAATAGCAAGTCTGATGTGAAAACCCGGGGCTCAACTCCGGGAGTGCATTGGAAACTGTTGATCTAGAGTGTCGGAGAGGCAAGCGGAATTCCTAGTGTAGCGGTGAAATGCGTAGATATTAGGAGGAACACCAGTGGCGAAGGCGGCTTGCTGGACGATGACTGACGTTGAGGCTCGAAAGCGTGGGG","Bacteria","Firmicutes","Clostridia","Clostridiales","Lachnospiraceae",NA
"GCAAGCGTTATCCGGATTTACTGGGTGTAAAGGGAGCGTAGGCGGCAGTGCAAGTCAGAAGTGAAAGCCCGGGGCTCAACTCCGGGACTGCTTTTGAAACTGTACAGCTTGATTGCAGGAGAGGCAAGTGGAATTCCTAGTGTAGCGGTGAAATGCGTAGATATTAGGAGGAACACCAGTGGCGAAGGCGGCTTGCTGGACTGTAAATGACGCTGAGGCTCGAAAGCGTGGGG","Bacteria","Firmicutes","Clostridia","Clostridiales","Lachnospiraceae",NA
"GCGAGCGTTATCCGGATTTACTGGGTGTAAAGGGAGCGTAGACGGCTGGTCAAGTCTGAAGTGAAAGCCCGGGGCTTAACCCCGGAACGGTTTTGGAAACTGAGCAGCTAGAGTGCTGGAGAGGTAAGCGGAATTCCTAGTGTAGCGGTGAAATGCGTAGATATTAGGAGGAACACCAGTGGCGGAGGCGGCTTACTGGACAGTAACTGACGTTGAGGCTCGAAAGCGTGGGG","Bacteria","Firmicutes","Clostridia","Clostridiales","Lachnospiraceae",NA
"GCGAGCGTTATCCGGAATTATTGGGCGTAAAGAGGGAGCAGGCGGCAGCTAAGGTCTGCGGTGAAAGCCCGAAGCTAAACTTCGGTAAGCCGTGGAAACCGAGCAGCTAGAGTGCAGTAGAGGATCGTGGAATTCCATGTGTAGCGGTGAAATGCGTAGATATATGGAGGAACACCAGTGGCGAAGGCGACGATCTGGGCTGCAACTGACGCTCAGTCCCGAAAGCGTGGGG","Bacteria","Firmicutes","Erysipelotrichia","Erysipelotrichales","Erysipelotrichaceae","Coprobacillus"
"GCAAGCGTTGTCCGGATTTACTGGGCGTAAAGGGAGCGTAGGTGGATATTTAAGTGGGATGTGAAATACTCGGGCTTAACCTGGGTGCTGCATTCCAAACTGGATATCTAGAGTGCAGGAGAGGAAAGTAGAATTCCTAGTGTAGCGGTGAAATGCGTAGAGATTAGGAAGAATACCAGTGGCGAAGGCGACTTTCTGGACTGTAACTGACACTGAGGCTCGAAAGCGTGGGG","Bacteria","Firmicutes","Clostridia","Clostridiales","Clostridiaceae_1","Clostridium_sensu_stricto"
"GCAAGCGTTATCCGGATTTACTGGGTGTAAAGGGAGCGTAGACGGCTGCGCAAGTCTGAAGTGAAAGCCCGGGGCTCAACCCCGGGACTGCTTTGGAAACTGTGTAGCTAGAGTGCTGGAGAGGCAAGCGGAATTCCTAGTGTAGCGGTGAAATGCGTAGATATTAGGAAGAACACCAGTGGCGAAGGCGGCTTGCTGGACAGTAACTGACGTTGAGGCTCGAAAGCGTGGGG","Bacteria","Firmicutes","Clostridia","Clostridiales","Lachnospiraceae",NA
"GCAAGCGTTATCCGGATTTATTGGGTGTAAAGGGTGCGTAGACGGGAATTTAAGTTAGTTGTGAAATCCCTCGGCTTAACTGAGGAACTGCAACTAAAACTGAATTTCTTGAGTGCGGGAGAGGAAAGTGGAATTCCTAGTGTAGCGGTGAAATGCGTAGATATTAGGAGGAACACCAGTGGCGAAGGCGACTTTCTGGACCGTAACTGACGTTGAGGCACGAAAGTGTGGGG","Bacteria","Firmicutes","Clostridia","Clostridiales",NA,NA
"GCAAGCGTTGTCCGGATTTACTGGGTGTAAAGGGCGTGTAGGCGGAGCTGCAAGTCAGATGTGAAATCCCGGGGCTCAACCCCGGAACTGCATTTGAAACTGTAGCCCTTGAGTATCGGAGAGGCAGGCGGAATTCCTAGTGTAGCGGTGAAATGCGTAGATATTAGGAGGAACACCAGTGGCGAAGGCGGCCTGCTGGACGACAACTGACGCTGAGGCGCGAAAGCGTGGGG","Bacteria","Firmicutes","Clostridia","Clostridiales","Ruminococcaceae","Sporobacter"
"CCGAGCGTTGTCCGGATTTATTGGGCGTAAAGCGAGCGCAGGCGGTTTGATAAGTCTGAAGTTAAAGGCTGTGGCTCAACCATAGTTCGCTTTGGAAACTGTCAAACTTGAGTGCAGAAGGGGAGAGTGGAATTCCATGTGTAGCGGTGAAATGCGTAGATATATGGAGGAACACCGGTGGCGAAAGCGGCTCTCTGGTCTGTAACTGACGCTGAGGCTCGAAAGCGTGGGG","Bacteria","Firmicutes","Bacilli","Lactobacillales","Streptococcaceae","Streptococcus"
"GCGAGCGTTAATCGGAATTACTGGGCGTAAAGCGGGCGCAGACGGTTACTTAAGCAGGATGTGAAATCCCCGGGCTCAACCCGGGAACTGCGTTCTGAACTGGGTGACTCGAGTGTGTCAGAGGGAGGTAGAATTCCACGTGTAGCAGTGAAATGCGTAGAGATGTGGAGGAATACCGATGGCGAAGGCAGCCTCCTGGGACAACACTGACGTTCATGCCCGAAAGCGTGGGT","Bacteria","Proteobacteria","Betaproteobacteria","Neisseriales","Neisseriaceae","Neisseria"
"GCAAGCGTTATCCGGATTTACTGGGTGTAAAGGGAGCGTAGGTGGCATGGTAAGCCAGAAGTGAAAACCCGGGGCTCAACCCCGCGGATTGCTTTTGGAACTATCAGGCTGGAGTGCTGGAGGGGTAAGCGGAATTCCTAGTGTAGCGGTGAAATGCGTAGATATTAGGAGGAACACCGGTGGCGAAGGCGGCTTACTGGACAGAAACTGACACTGAGGCTCGAAAGCGTGGGG","Bacteria","Firmicutes","Clostridia","Clostridiales","Lachnospiraceae",NA
"GCAAGCGTTGTCCGGATTTACTGGGTGTAAAGGGCGTGCAGCCGGGAAGACAAGTCAGATGTGAAATCCCGCGGCTCAACCGCGGAACTGCATTTGAAACTGTTTTTCTTGAGTATCGGAGAGGTAATCGGAATTCCTAGTGTAGCGGTGAAATGCGTAGATATTAGGAAGAACACCAGTGGCGAAGGCGGATTACTGGACGACAACTGACGGTGAGGCGCGAAAGCGTGGGG","Bacteria","Firmicutes","Clostridia","Clostridiales","Ruminococcaceae","Oscillibacter"
"GCGAGCGTTAATCGGATTTACTGGGCGTAAAGCGTGCGTAGGCGGCTTATTAAGTCGGATGTGAAATCCCCGAGCTTAACTTGGGAATTGCATTCGATACTGGTGAGCTAGAGTATGGGAGAGGATGGTAGAATTCCAGGTGTAGCGGTGAAATGCGTAGAGATCTGGAGGAATACCGATGGCGAAGGCAGCCATCTGGCCTAATACTGACGCTGAGGTACGAAAGCATGGGG","Bacteria","Proteobacteria","Gammaproteobacteria","Pseudomonadales","Moraxellaceae","Acinetobacter"
"GCAAGCGTTATCCGGATTTACTGGGTGTAAAGGGTGCGTAGGTGGCAGGGCAAGTCAGATGTGAAAGCCCGGGGCTCAACCCCGGTACTGCATTTGAAACTGTCCAGCTGGAGTGCAGGAGAGGTAAGCGGAATTCCTAGTGTAGCGGTGAAATGCGTAGATATTAGGAGGAACACCAGTGGCGAAGGCGGCTTACTGGACTGTAACTGACACTGAGGCACGAAAGCGTGGGG","Bacteria","Firmicutes","Clostridia","Clostridiales","Lachnospiraceae",NA
"GCAAGCGTTATCCGGATTTACTGGGTGTAAAGGGAGCGCAGGCGGCCTTGCAAGTCTGATGTGAAATACCGGGGCTCAACCCCGGAGCTGCATTGGAAACTGTGAGGCTGGAGTGTCGGAGAGGCAGGCGGAATTCCTAGTGTAGCGGTGAAATGCGTAGATATTAGGAGGAACACCAGTGGCGAAGGCGGCCTGCTGGACGATGACTGACGCTGAGGCTCGAAAGCGTGGGG","Bacteria","Firmicutes","Clostridia","Clostridiales","Lachnospiraceae",NA
"GCAAGCGTTATCCGGAATGATTGGGCGTAAAGCGTCTGTAGGTGGCTTTTTAAGTCCGCCGTCAAATCCCAGGGCTCAACCCTGGACAGGCGGTGGAAACTACCAAGCTGGAGTACGGTAGGGGCAGAGGGAATTTCCGGTGGAGCGGTGAAATGCGTAGAGATCGGAAAGAACACCAACGGCGAAAGCACTCTGCTGGGCCGACACTGACACTGAGAGACGAAAGCTAGGGG","Bacteria","Cyanobacteria/Chloroplast","Chloroplast","Chloroplast","Streptophyta",NA
"GCAAGCGTTATCCGGATTTACTGGGTGTAAAGGGAGCGCAGGCGGCATGGCAAGTCAGATGTGAAAGCCCGGGGCTCAACCCCGGGACTGCATTTGAAACTGTCAGGCTAGAGTGCAGGAGAGGCAGGCGGAATTCCTAGTGTAGCGGTGAAATGCGTAGATATTAGGAGGAACACCAGTGGCGAAGGCGGCCTGCTGGACTGTAACTGACGCTGAGGCTCGAAAGCGTGGGG","Bacteria","Firmicutes","Clostridia","Clostridiales","Lachnospiraceae",NA
"GCAAGCGTTATCCGGATTTACTGGGTGTAAAGGGAGCGTAGACGGCTGTGCAAGTCTGAAGTGAAAGGCCGGGGCCCAACCCCGGGAGTGCTTTGGAAACTGTGCGGCTAGAGTGTCGGAGAGGCAAGTGGAATTCCCAGTGTAGCGGTGAAATGCGTAGATATTGGGAGGAACACCAGTGGCGAAGGCGTCTTGCTGGACGATGACTGACGTTGAGGCTCGAAAGCGTGGGG","Bacteria","Firmicutes","Clostridia","Clostridiales","Lachnospiraceae","Dorea"
"GCAAGCGTTATCCGGAATGACTGGGCGTAAAGGGTGCGTAGGTGGTTTGGCAAGTTGGTAGCGTAATCCCGGGGCTCAACCTCGGTGCTACTACCAAAACTGTTGAACTTGAGTGCAGGAGGGGTGAATGGAATTCCCAGTGTAGCGGTGGAATGCGTAGATATTGGGAAGAACACCAGCGGCGAAGGCGATTCACTGGACTGTAACTGACACTGAGGCACGAAAGCGTGGGG","Bacteria","Firmicutes","Clostridia","Clostridiales",NA,NA
"GCGAGCGTTGTCCGGAATGACTGGGCGTAAAGGGAGTGTAGGCGGCCTTTTAAGTTATGTGTGAAAGCCCACGGCTCAACTGTGGAATTGCACATAAAACTGGGAGGCTGGAGTGCAGGAGAGGTAAGCGGAATTTCCAGTGTAGCGGTGGAATGCGTAGATATTGGGAAGAACACCGGAGGCGAAGGCGGCTTACTGGACTGTAACTGACGCTGAGGCTCGAAAGCGTGGGG","Bacteria","Firmicutes","Clostridia","Clostridiales",NA,NA
"GCGAGCGTTGTCCGGAATTACTGGGTGTAAAGGGAGCGTAGGCGGGGATGCAAGTTGGATGTTTAAACTATCGGCTCAACCGGTAATTGCAACCAAAACTGCAACTCTTGAGTGAAGTAGAGGCAGGCGGAATTCCTAGTGTAGCGGTGAAATGCGTAGATATTAGGAGGAACACCAGTGGCGAAGGCGGCCTGCTGGGCTTTAACTGACGCTGAGGCTCGAAAGCGTGGGG","Bacteria","Firmicutes","Clostridia","Clostridiales","Ruminococcaceae","Anaerotruncus"
"GCGAGCGTTATCCGGATTTATTGGGTGTAAAGGGTGCGTAGACGGGGAATTAAGTTAGTTGTGAAATCCCAAGGCTCAACTTTGGAACTGCAACTAAAACTAATTTTCTTGAGTACTGGAGAGGAAAGTGGAATTCCTAGTGTAGCGGTGAAATGCGTAGATATTAGGAGGAACACCAGTGGCGAAGGCGACTTTCTGGACAGAAACTGACGTTGAGGCACGAAAGTGTGGGG","Bacteria","Firmicutes","Clostridia","Clostridiales",NA,NA
"GCGAGCGTTATCCGGATTTATTGGGCGTAAAGCGTGCGCAGGCGGTTTGTTAAGTCTAAAATCAAAGCCCGAAGCTTAACTTCGGTTCGTTTTAGAAACTGGCAGGCTTGAGTATGGTAGAGGCAAACGGAATTTCTAGTGTAGCGGTAAAATGCGTAGATATTAGAAGGAACACCAGTGGCGAAGGCGGTTTGCTGGGCCATTACTGACGCTCATGCACGAAAGCGTGGGG","Bacteria",NA,NA,NA,NA,NA
"GCAAGCGTTATCCGGAATGACTGGGCGTAAAGGGTGCGTAGGTGGTTTGGCAAGTTAGTAGCGTAATTCCGGGGCTCAACTTCGGAACTACTACTAAAACTGCTGGGCTTGAGTGCAGGAGGGGCATATGGAATTCCTAGTGTAGCGGTGGAATGCGTAGATATTAGGAGGAACACCAGTGGCGAAGGCGATATGCTGGACTGTAACTGACACTGAGGCACGAAAGCGTGGGG","Bacteria","Firmicutes","Clostridia","Clostridiales",NA,NA
"GCGAGCGTTATCCGGATTTATTGGGTGTAAAGGGTGCGTAGACGGGAAATTAAGTTAGTTGTGAAATCCCTCGGCTCAACCGAGGAACTGCAACTAAAACTGATATTCTTGAGTACTGGAGAGGAAAGTGGAATTCCTAGTGTAGCGGTGAAATGCGTAGATATTAGGAGGAACACCAGTGGCGAAGGCGACTTTCTGGACAGAAACTGACGTTGAGGCACGAAAGTGTGGGG","Bacteria","Firmicutes","Clostridia","Clostridiales",NA,NA
"GCGAGCGTTATCCGGATTCATTGGGCGTAAAGCGCGCGTAGGCGGCTGCCTAAGCGGAACCTCTAACCCCGGGGCTCAACCTCGGGCCGGGTTCCGAACTGGGCGGCTCGAGTGCGGTAGAGGAGAGCGGAATTCCCGGTGTAGCGGTGGAATGCGCAGATATCGGGAAGAACACCGATGGCGAAGGCAGCTCTCTGGGCCGGCACTGACGCTGAGGCGCGAAAGCTGGGGG","Bacteria","Actinobacteria","Actinobacteria","Coriobacteriales","Coriobacteriaceae","Enterorhabdus"
"GCGAGCGTTATCCGGATTCATTGGGCGTAAAGCGCGCGTAGGCGGCCTGTTAGGTCGGGGGTCAAATACCGGGGCTCAACCCCGGTCCGCCCCCGATACCGGCAGGCTTGAGTCTGGTAGGGGAAGGCGGAATTCCCAGTGTAGCGGTGGAATGCGCAGATATTGGGAAGAACACCGGCGGCGAAGGCGGCCTTCTGGGCCACGACTGACGCTGAGGCGCGAAAGCTAGGGG","Bacteria","Actinobacteria","Actinobacteria","Coriobacteriales","Coriobacteriaceae","Olsenella"
"GCAAGCGTTACCCGGAATCACTGGGCGTAAAGGGCGTGTAGGCGGAAATTTAAGTCTGGTTTTAAAGACCGGGGCTCAACCTCGGGGATGGACTGGATACTGGATTTCTTGACCTCTGGAGAGGTAACTGGAATTCCTGGTGTAGCGGTGGAATGCGTAGATACCAGGAGGAACACCAATGGCGAAGGCAAGTTACTGGACAGAAGGTGACGCTGAGGCGCGAAAGTGTGGGG","Bacteria","Deinococcus-Thermus","Deinococci","Deinococcales","Deinococcaceae","Deinococcus"
"GCGAGCGTTATCCGGATTTATTGGGCGTAAAGGGTGCGTAGGCGGTATGTTAAGTCTAAAATCAAAGCCCGAGGCTTAACCTCGGTTCGTTTTAGAAACTGGCAAACTAGAGTGCAGTAGAGGCAAGTGGAATTTCTAGTGTAGCGGTTAAATGCGTAGATATTAGAAGGAACACCAGTGGCGAAGGCGGCTTGCTGGGCTGTAACTGACGCTGAGGCACGAAAGCGTGGGG","Bacteria","Firmicutes","Clostridia","Clostridiales",NA,NA
